,place,name,year,month,visitors
0,1 ,'57 Chevy,2001,total,1512
1,2 ,Caipirinha,2001,total,1301
2,3 ,Long Island Icetea,2001,total,903
3,4 ,Pina Colada,2001,total,601
4,5 ,Tall Blonde,2001,total,573
5,6 ,Wiki Waki Woo,2001,total,517
6,7 ,Ghostbuster,2001,total,444
7,8 ,May Tai,2001,total,414
8,9 ,77 Sunset Strip,2001,total,402
9,10 ,Zombie,2001,total,301
0,1 ,Tall Blonde,2001,October,3
1,2 ,Bleeding Heart,2001,October,2
2,3 ,Pina Colada,2001,October,2
3,4 ,Time Bomb,2001,October,2
4,5 ,Sunny,2001,October,2
5,6 ,Daiquiri Slush,2001,October,2
6,7 ,Ghostbuster,2001,October,2
7,8 ,Cuba Libre,2001,October,1
8,9 ,Union Jack,2001,October,1
9,10 ,Lemon Drop,2001,October,1
0,1 ,'57 Chevy,2001,November,1051
1,2 ,Caipirinha,2001,November,885
2,3 ,Tall Blonde,2001,November,570
3,4 ,Long Island Icetea,2001,November,535
4,5 ,May Tai,2001,November,414
5,6 ,Pina Colada,2001,November,393
6,7 ,Wiki Waki Woo,2001,November,331
7,8 ,Ghostbuster,2001,November,290
8,9 ,77 Sunset Strip,2001,November,258
9,10 ,American Beauty (Aperitif),2001,November,168
0,1 ,'57 Chevy,2001,December,460
1,2 ,Caipirinha,2001,December,416
2,3 ,Long Island Icetea,2001,December,368
3,4 ,Pina Colada,2001,December,206
4,5 ,Wiki Waki Woo,2001,December,185
5,6 ,Daiquiri Slush,2001,December,158
6,7 ,Zombie,2001,December,152
7,8 ,Ghostbuster,2001,December,152
8,9 ,77 Sunset Strip,2001,December,143
9,10 ,Sex On The Beach,2001,December,75
0,1 ,'57 Chevy,2002,total,4336
1,2 ,Caipirinha,2002,total,3268
2,3 ,Long Island Icetea,2002,total,2768
3,4 ,Sex On The Beach,2002,total,1835
4,5 ,May Tai,2002,total,1723
5,6 ,Wiki Waki Woo,2002,total,1596
6,7 ,Pina Colada,2002,total,1367
7,8 ,Baby Aspirin,2002,total,1337
8,9 ,77 Sunset Strip,2002,total,1218
9,10 ,Tall Blonde,2002,total,1107
0,1 ,'57 Chevy,2002,January,934
1,2 ,Caipirinha,2002,January,778
2,3 ,Long Island Icetea,2002,January,555
3,4 ,May Tai,2002,January,481
4,5 ,Pina Colada,2002,January,388
5,6 ,Wiki Waki Woo,2002,January,368
6,7 ,Tall Blonde,2002,January,356
7,8 ,Sex On The Beach,2002,January,340
8,9 ,Baby Aspirin,2002,January,291
9,10 ,77 Sunset Strip,2002,January,273
0,1 ,'57 Chevy,2002,February,652
1,2 ,Caipirinha,2002,February,495
2,3 ,Long Island Icetea,2002,February,455
3,4 ,Sex On The Beach,2002,February,339
4,5 ,May Tai,2002,February,302
5,6 ,Wiki Waki Woo,2002,February,265
6,7 ,Pina Colada,2002,February,258
7,8 ,Baby Aspirin,2002,February,252
8,9 ,Tall Blonde,2002,February,206
9,10 ,77 Sunset Strip,2002,February,199
0,1 ,'57 Chevy,2002,March,718
1,2 ,Caipirinha,2002,March,510
2,3 ,Sex On The Beach,2002,March,451
3,4 ,Long Island Icetea,2002,March,431
4,5 ,Baby Aspirin,2002,March,262
5,6 ,Pina Colada,2002,March,259
6,7 ,Wiki Waki Woo,2002,March,246
7,8 ,77 Sunset Strip,2002,March,200
8,9 ,Ghostbuster,2002,March,107
9,10 ,Boston Tea Party,2002,March,96
0,1 ,'57 Chevy,2002,April,872
1,2 ,Caipirinha,2002,April,593
2,3 ,Long Island Icetea,2002,April,553
3,4 ,May Tai,2002,April,405
4,5 ,Wiki Waki Woo,2002,April,302
5,6 ,Tall Blonde,2002,April,234
6,7 ,77 Sunset Strip,2002,April,230
7,8 ,Zombie,2002,April,106
8,9 ,American Beauty (Aperitif),2002,April,102
9,10 ,Mojito,2002,April,101
0,1 ,'57 Chevy,2002,May,803
1,2 ,Caipirinha,2002,May,621
2,3 ,Long Island Icetea,2002,May,526
3,4 ,Sex On The Beach,2002,May,494
4,5 ,May Tai,2002,May,375
5,6 ,Baby Aspirin,2002,May,369
6,7 ,Pina Colada,2002,May,336
7,8 ,Wiki Waki Woo,2002,May,279
8,9 ,Tall Blonde,2002,May,224
9,10 ,77 Sunset Strip,2002,May,221
0,1 ,'57 Chevy,2002,June,357
1,2 ,Caipirinha,2002,June,271
2,3 ,Long Island Icetea,2002,June,248
3,4 ,Sex On The Beach,2002,June,211
4,5 ,Baby Aspirin,2002,June,163
5,6 ,May Tai,2002,June,160
6,7 ,Wiki Waki Woo,2002,June,136
7,8 ,Pina Colada,2002,June,126
8,9 ,77 Sunset Strip,2002,June,95
9,10 ,Tall Blonde,2002,June,87
0,1 ,Caipirinha,2003,total,11945
1,2 ,Sex On The Beach,2003,total,11735
2,3 ,Mojito original,2003,total,8032
3,4 ,Long Island Icetea,2003,total,7836
4,5 ,May Tai,2003,total,6356
5,6 ,'57 Chevy,2003,total,6306
6,7 ,Highfly,2003,total,6113
7,8 ,Baby Aspirin,2003,total,5585
8,9 ,Zombie,2003,total,4640
9,10 ,Pina Colada,2003,total,4396
0,1 ,Caipirinha,2003,January,741
1,2 ,Sex On The Beach,2003,January,695
2,3 ,'57 Chevy,2003,January,640
3,4 ,Long Island Icetea,2003,January,551
4,5 ,May Tai,2003,January,521
5,6 ,Veronika's Birthday,2003,January,516
6,7 ,Baby Aspirin,2003,January,421
7,8 ,Wiki Waki Woo,2003,January,373
8,9 ,Pina Colada,2003,January,355
9,10 ,Zombie,2003,January,327
0,1 ,Caipirinha,2003,February,777
1,2 ,Sex On The Beach,2003,February,721
2,3 ,'57 Chevy,2003,February,587
3,4 ,Long Island Icetea,2003,February,566
4,5 ,May Tai,2003,February,492
5,6 ,Baby Aspirin,2003,February,457
6,7 ,Wiki Waki Woo,2003,February,368
7,8 ,Veronika's Birthday,2003,February,368
8,9 ,Pina Colada,2003,February,343
9,10 ,Zombie,2003,February,339
0,1 ,Sex On The Beach,2003,March,881
1,2 ,Caipirinha,2003,March,835
2,3 ,Long Island Icetea,2003,March,662
3,4 ,'57 Chevy,2003,March,564
4,5 ,May Tai,2003,March,505
5,6 ,Baby Aspirin,2003,March,498
6,7 ,Wiki Waki Woo,2003,March,416
7,8 ,Pina Colada,2003,March,385
8,9 ,Veronika's Birthday,2003,March,363
9,10 ,Zombie,2003,March,344
0,1 ,Caipirinha,2003,April,809
1,2 ,'57 Chevy,2003,April,652
2,3 ,Long Island Icetea,2003,April,619
3,4 ,May Tai,2003,April,550
4,5 ,Baby Aspirin,2003,April,514
5,6 ,Wiki Waki Woo,2003,April,414
6,7 ,Zombie,2003,April,352
7,8 ,Veronika's Birthday,2003,April,282
8,9 ,77 Sunset Strip,2003,April,189
9,10 ,B52,2003,April,155
0,1 ,Sex On The Beach,2003,May,1216
1,2 ,Caipirinha,2003,May,966
2,3 ,Long Island Icetea,2003,May,697
3,4 ,'57 Chevy,2003,May,677
4,5 ,May Tai,2003,May,557
5,6 ,Baby Aspirin,2003,May,532
6,7 ,Wiki Waki Woo,2003,May,440
7,8 ,Zombie,2003,May,437
8,9 ,Pina Colada,2003,May,430
9,10 ,Veronika's Birthday,2003,May,367
0,1 ,Mojito original,2003,June,2042
1,2 ,Caipirinha,2003,June,1905
2,3 ,Highfly,2003,June,1587
3,4 ,Sex On The Beach,2003,June,1357
4,5 ,Long Island Icetea,2003,June,720
5,6 ,'57 Chevy,2003,June,653
6,7 ,Zombie,2003,June,526
7,8 ,Pina Colada,2003,June,478
8,9 ,Veronika's Birthday,2003,June,323
9,10 ,Mojito,2003,June,196
0,1 ,Sex On The Beach,2003,July,1489
1,2 ,Mojito original,2003,July,1483
2,3 ,Caipirinha,2003,July,1482
3,4 ,Cuban Special,2003,July,1316
4,5 ,Highfly,2003,July,1202
5,6 ,May Tai,2003,July,959
6,7 ,Long Island Icetea,2003,July,915
7,8 ,Baby Aspirin,2003,July,735
8,9 ,'57 Chevy,2003,July,728
9,10 ,Pina Colada,2003,July,581
0,1 ,Sex On The Beach,2003,August,1299
1,2 ,Caipirinha,2003,August,1215
2,3 ,Long Island Icetea,2003,August,907
3,4 ,Mojito original,2003,August,865
4,5 ,May Tai,2003,August,763
5,6 ,Baby Aspirin,2003,August,692
6,7 ,'57 Chevy,2003,August,644
7,8 ,Zombie,2003,August,625
8,9 ,Sputnik,2003,August,571
9,10 ,Pina Colada,2003,August,501
0,1 ,Sex On The Beach,2003,September,963
1,2 ,Caipirinha,2003,September,887
2,3 ,Mojito original,2003,September,753
3,4 ,Sputnik,2003,September,728
4,5 ,Highfly,2003,September,696
5,6 ,Cuban Special,2003,September,633
6,7 ,Long Island Icetea,2003,September,558
7,8 ,Baby Face,2003,September,547
8,9 ,May Tai,2003,September,483
9,10 ,Baby Aspirin,2003,September,463
0,1 ,Sex On The Beach,2003,October,883
1,2 ,Highfly,2003,October,702
2,3 ,Caipirinha,2003,October,676
3,4 ,Mojito original,2003,October,648
4,5 ,Sputnik,2003,October,647
5,6 ,Cuban Special,2003,October,558
6,7 ,Baby Face,2003,October,483
7,8 ,Long Island Icetea,2003,October,480
8,9 ,May Tai,2003,October,475
9,10 ,Baby Aspirin,2003,October,391
0,1 ,Sex On The Beach,2003,November,933
1,2 ,Highfly,2003,November,810
2,3 ,Mojito original,2003,November,797
3,4 ,Caipirinha,2003,November,680
4,5 ,Grasshopper,2003,November,627
5,6 ,Sputnik,2003,November,609
6,7 ,Cuban Special,2003,November,589
7,8 ,Long Island Icetea,2003,November,554
8,9 ,May Tai,2003,November,448
9,10 ,Baby Aspirin,2003,November,411
0,1 ,Sex On The Beach,2003,December,1298
1,2 ,Caipirinha,2003,December,972
2,3 ,Mojito original,2003,December,837
3,4 ,Highfly,2003,December,802
4,5 ,Sputnik,2003,December,682
5,6 ,Cuban Special,2003,December,630
6,7 ,Long Island Icetea,2003,December,607
7,8 ,May Tai,2003,December,603
8,9 ,Grasshopper,2003,December,574
9,10 ,Zombie,2003,December,507
0,1 ,Sex On The Beach,2004,total,12382
1,2 ,Mojito original,2004,total,9582
2,3 ,Caipirinha,2004,total,9061
3,4 ,Long Island Icetea,2004,total,7796
4,5 ,Highfly,2004,total,6952
5,6 ,May Tai,2004,total,6835
6,7 ,Sputnik,2004,total,6216
7,8 ,Baby Aspirin,2004,total,5645
8,9 ,Cuban Special,2004,total,5151
9,10 ,Grasshopper,2004,total,5045
0,1 ,Sex On The Beach,2004,January,1261
1,2 ,Mojito original,2004,January,910
2,3 ,Caipirinha,2004,January,905
3,4 ,Highfly,2004,January,861
4,5 ,Sputnik,2004,January,820
5,6 ,Cuban Special,2004,January,797
6,7 ,Grasshopper,2004,January,792
7,8 ,Long Island Icetea,2004,January,724
8,9 ,May Tai,2004,January,717
9,10 ,Baby Aspirin,2004,January,553
0,1 ,Sex On The Beach,2004,February,1266
1,2 ,Highfly,2004,February,1196
2,3 ,Mojito original,2004,February,1185
3,4 ,Caipirinha,2004,February,1160
4,5 ,Sputnik,2004,February,1113
5,6 ,Cuban Special,2004,February,1004
6,7 ,Grasshopper,2004,February,958
7,8 ,Gimlet,2004,February,791
8,9 ,Long Island Icetea,2004,February,712
9,10 ,May Tai,2004,February,656
0,1 ,Caipirinha,2004,March,1299
1,2 ,Mojito original,2004,March,1275
2,3 ,Sex On The Beach,2004,March,1181
3,4 ,Highfly,2004,March,1059
4,5 ,Sputnik,2004,March,943
5,6 ,Cuban Special,2004,March,830
6,7 ,Planter'sPunch (1),2004,March,750
7,8 ,Grasshopper,2004,March,742
8,9 ,Long Island Icetea,2004,March,697
9,10 ,Gimlet,2004,March,615
0,1 ,Mojito original,2004,April,1047
1,2 ,Caipirinha,2004,April,1035
2,3 ,Highfly,2004,April,731
3,4 ,Sputnik,2004,April,687
4,5 ,Grasshopper,2004,April,655
5,6 ,Long Island Icetea,2004,April,651
6,7 ,Cuban Special,2004,April,621
7,8 ,Planter'sPunch (1),2004,April,596
8,9 ,May Tai,2004,April,524
9,10 ,Zombie,2004,April,248
0,1 ,Sex On The Beach,2004,May,1050
1,2 ,Mojito original,2004,May,974
2,3 ,Caipirinha,2004,May,918
3,4 ,Highfly,2004,May,753
4,5 ,Long Island Icetea,2004,May,703
5,6 ,Sputnik,2004,May,692
6,7 ,Grasshopper,2004,May,647
7,8 ,A Day At The Beach,2004,May,583
8,9 ,Planter'sPunch (1),2004,May,563
9,10 ,Cuban Special,2004,May,543
0,1 ,Sex On The Beach,2004,June,1098
1,2 ,Caipirinha,2004,June,842
2,3 ,Long Island Icetea,2004,June,623
3,4 ,Mojito original,2004,June,599
4,5 ,May Tai,2004,June,527
5,6 ,Baby Aspirin,2004,June,457
6,7 ,Lumumba,2004,June,391
7,8 ,Sputnik,2004,June,376
8,9 ,Highfly,2004,June,349
9,10 ,Pina Colada,2004,June,317
0,1 ,Sex On The Beach,2004,July,1141
1,2 ,Mojito original,2004,July,674
2,3 ,Long Island Icetea,2004,July,666
3,4 ,May Tai,2004,July,545
4,5 ,Baby Aspirin,2004,July,471
5,6 ,Pina Colada,2004,July,358
6,7 ,Highfly,2004,July,339
7,8 ,Sputnik,2004,July,328
8,9 ,'57 Chevy,2004,July,258
9,10 ,Zombie,2004,July,245
0,1 ,Sex On The Beach,2004,August,1244
1,2 ,Mojito original,2004,August,784
2,3 ,Long Island Icetea,2004,August,712
3,4 ,May Tai,2004,August,672
4,5 ,Baby Aspirin,2004,August,604
5,6 ,Pina Colada,2004,August,418
6,7 ,Highfly,2004,August,393
7,8 ,Sputnik,2004,August,367
8,9 ,'57 Chevy,2004,August,304
9,10 ,Mojito,2004,August,283
0,1 ,Sex On The Beach,2004,September,1039
1,2 ,Caipirinha,2004,September,726
2,3 ,Long Island Icetea,2004,September,610
3,4 ,Mojito original,2004,September,553
4,5 ,May Tai,2004,September,501
5,6 ,Baby Aspirin,2004,September,484
6,7 ,Highfly,2004,September,313
7,8 ,Sputnik,2004,September,297
8,9 ,Pina Colada,2004,September,295
9,10 ,White Russian (der Echte!),2004,September,265
0,1 ,Sex On The Beach,2004,October,1148
1,2 ,Caipirinha,2004,October,808
2,3 ,Long Island Icetea,2004,October,633
3,4 ,Mojito original,2004,October,578
4,5 ,May Tai,2004,October,574
5,6 ,Baby Aspirin,2004,October,550
6,7 ,Highfly,2004,October,358
7,8 ,Pina Colada,2004,October,347
8,9 ,White Russian (der Echte!),2004,October,288
9,10 ,Zombie,2004,October,266
0,1 ,Sex On The Beach,2004,November,1019
1,2 ,Caipirinha,2004,November,690
2,3 ,Long Island Icetea,2004,November,535
3,4 ,Mojito original,2004,November,510
4,5 ,May Tai,2004,November,483
5,6 ,Baby Aspirin,2004,November,449
6,7 ,Highfly,2004,November,296
7,8 ,Sputnik,2004,November,288
8,9 ,Cuban Special,2004,November,280
9,10 ,Zombie,2004,November,225
0,1 ,Sex On The Beach,2004,December,935
1,2 ,Caipirinha,2004,December,678
2,3 ,May Tai,2004,December,533
3,4 ,Long Island Icetea,2004,December,530
4,5 ,Mojito original,2004,December,493
5,6 ,Baby Aspirin,2004,December,434
6,7 ,Sputnik,2004,December,305
7,8 ,Highfly,2004,December,304
8,9 ,Zombie,2004,December,274
9,10 ,Pina Colada,2004,December,264
0,1 ,Sex On The Beach,2005,total,12065
1,2 ,Caipirinha,2005,total,7573
2,3 ,Baby Aspirin,2005,total,5662
3,4 ,May Tai,2005,total,5439
4,5 ,Zombie,2005,total,4573
5,6 ,White Russian (der Echte!),2005,total,4357
6,7 ,Mojito original,2005,total,4153
7,8 ,Pina Colada,2005,total,4127
8,9 ,Absinth,2005,total,4070
9,10 ,Long Island Icetea,2005,total,3907
0,1 ,Sex On The Beach,2005,January,1037
1,2 ,Long Island Icetea,2005,January,644
2,3 ,Baby Aspirin,2005,January,580
3,4 ,Mojito original,2005,January,464
4,5 ,White Russian (der Echte!),2005,January,461
5,6 ,Zombie,2005,January,435
6,7 ,Pina Colada,2005,January,353
7,8 ,Absinth,2005,January,343
8,9 ,Highfly,2005,January,238
9,10 ,Sputnik,2005,January,237
0,1 ,Sex On The Beach,2005,February,817
1,2 ,Caipirinha,2005,February,578
2,3 ,May Tai,2005,February,496
3,4 ,Long Island Icetea,2005,February,494
4,5 ,Baby Aspirin,2005,February,465
5,6 ,White Russian (der Echte!),2005,February,356
6,7 ,Mojito original,2005,February,351
7,8 ,Zombie,2005,February,339
8,9 ,Absinth,2005,February,317
9,10 ,Pina Colada,2005,February,315
0,1 ,Sex On The Beach,2005,March,907
1,2 ,Caipirinha,2005,March,596
2,3 ,May Tai,2005,March,537
3,4 ,Long Island Icetea,2005,March,482
4,5 ,Baby Aspirin,2005,March,478
5,6 ,White Russian (der Echte!),2005,March,395
6,7 ,Zombie,2005,March,365
7,8 ,Absinth,2005,March,312
8,9 ,Pina Colada,2005,March,308
9,10 ,'57 Chevy,2005,March,172
0,1 ,Sex On The Beach,2005,April,963
1,2 ,Caipirinha,2005,April,637
2,3 ,Long Island Icetea,2005,April,570
3,4 ,May Tai,2005,April,547
4,5 ,Baby Aspirin,2005,April,526
5,6 ,Mojito original,2005,April,401
6,7 ,Zombie,2005,April,374
7,8 ,Absinth,2005,April,368
8,9 ,White Russian (der Echte!),2005,April,366
9,10 ,Pina Colada,2005,April,337
0,1 ,Sex On The Beach,2005,May,1165
1,2 ,Caipirinha,2005,May,761
2,3 ,May Tai,2005,May,590
3,4 ,Baby Aspirin,2005,May,559
4,5 ,Mojito original,2005,May,537
5,6 ,Zombie,2005,May,452
6,7 ,White Russian (der Echte!),2005,May,442
7,8 ,Pina Colada,2005,May,393
8,9 ,Absinth,2005,May,387
9,10 ,Highfly,2005,May,203
0,1 ,Sex On The Beach,2005,June,1221
1,2 ,Caipirinha,2005,June,915
2,3 ,Mojito original,2005,June,549
3,4 ,White Russian (der Echte!),2005,June,459
4,5 ,Zombie,2005,June,439
5,6 ,Pina Colada,2005,June,417
6,7 ,Sputnik,2005,June,381
7,8 ,Absinth,2005,June,340
8,9 ,Mojito,2005,June,226
9,10 ,Sex On The Beach 3,2005,June,205
0,1 ,Sex On The Beach,2005,July,950
1,2 ,Caipirinha,2005,July,754
2,3 ,May Tai,2005,July,583
3,4 ,Baby Aspirin,2005,July,517
4,5 ,Zombie,2005,July,414
5,6 ,White Russian (der Echte!),2005,July,381
6,7 ,Pina Colada,2005,July,357
7,8 ,Absinth,2005,July,328
8,9 ,Mojito,2005,July,200
9,10 ,Tequila Sunrise,2005,July,192
0,1 ,Sex On The Beach,2005,August,998
1,2 ,Caipirinha,2005,August,658
2,3 ,May Tai,2005,August,527
3,4 ,Baby Aspirin,2005,August,496
4,5 ,Mojito original,2005,August,396
5,6 ,White Russian (der Echte!),2005,August,388
6,7 ,Zombie,2005,August,356
7,8 ,Pina Colada,2005,August,344
8,9 ,Absinth,2005,August,325
9,10 ,Sex On The Beach 3,2005,August,181
0,1 ,Sex On The Beach,2005,September,1081
1,2 ,Caipirinha,2005,September,717
2,3 ,May Tai,2005,September,560
3,4 ,Baby Aspirin,2005,September,533
4,5 ,Zombie,2005,September,484
5,6 ,White Russian (der Echte!),2005,September,393
6,7 ,Mojito original,2005,September,381
7,8 ,Pina Colada,2005,September,339
8,9 ,Absinth,2005,September,331
9,10 ,Sex On The Beach 3,2005,September,186
0,1 ,Sex On The Beach,2005,October,906
1,2 ,Caipirinha,2005,October,581
2,3 ,Long Island Icetea,2005,October,495
3,4 ,May Tai,2005,October,473
4,5 ,Baby Aspirin,2005,October,472
5,6 ,Zombie,2005,October,435
6,7 ,White Russian (der Echte!),2005,October,349
7,8 ,Mojito original,2005,October,330
8,9 ,Absinth,2005,October,306
9,10 ,Pina Colada,2005,October,261
0,1 ,Sex On The Beach,2005,November,1017
1,2 ,Caipirinha,2005,November,666
2,3 ,Long Island Icetea,2005,November,596
3,4 ,May Tai,2005,November,517
4,5 ,Baby Aspirin,2005,November,504
5,6 ,Zombie,2005,November,480
6,7 ,White Russian (der Echte!),2005,November,367
7,8 ,Mojito original,2005,November,357
8,9 ,Absinth,2005,November,356
9,10 ,Pina Colada,2005,November,342
0,1 ,---,2005,December,1045
1,2 ,Sex On The Beach,2005,December,1003
2,3 ,Caipirinha,2005,December,710
3,4 ,Long Island Icetea,2005,December,626
4,5 ,May Tai,2005,December,609
5,6 ,Baby Aspirin,2005,December,532
6,7 ,Mojito original,2005,December,387
7,8 ,Pina Colada,2005,December,361
8,9 ,Absinth,2005,December,357
9,10 ,Sex On The Beach 3,2005,December,168
0,1 ,Sex On The Beach,2006,total,5064
1,2 ,Caipirinha,2006,total,4669
2,3 ,Long Island Icetea,2006,total,4231
3,4 ,Baby Aspirin,2006,total,4107
4,5 ,May Tai,2006,total,3779
5,6 ,Zombie,2006,total,2820
6,7 ,Absinth,2006,total,2420
7,8 ,Sex On The Beach 3,2006,total,2032
8,9 ,Pina Colada,2006,total,1904
9,10 ,Mojito original,2006,total,1843
0,1 ,Sex On The Beach,2006,January,1046
1,2 ,Caipirinha,2006,January,713
2,3 ,Long Island Icetea,2006,January,641
3,4 ,May Tai,2006,January,546
4,5 ,Baby Aspirin,2006,January,541
5,6 ,Absinth,2006,January,404
6,7 ,Pina Colada,2006,January,355
7,8 ,#NAME?,2006,January,239
8,9 ,Sex On The Beach 3,2006,January,177
9,10 ,'57 Chevy,2006,January,158
0,1 ,Sex On The Beach,2006,February,922
1,2 ,Caipirinha,2006,February,608
2,3 ,Long Island Icetea,2006,February,599
3,4 ,Baby Aspirin,2006,February,539
4,5 ,May Tai,2006,February,520
5,6 ,Zombie,2006,February,455
6,7 ,White Russian (der Echte!),2006,February,426
7,8 ,Mojito original,2006,February,343
8,9 ,Pina Colada,2006,February,324
9,10 ,Absinth,2006,February,317
0,1 ,Sex On The Beach,2006,March,1047
1,2 ,Caipirinha,2006,March,681
2,3 ,Baby Aspirin,2006,March,592
3,4 ,Long Island Icetea,2006,March,567
4,5 ,May Tai,2006,March,566
5,6 ,Zombie,2006,March,495
6,7 ,Mojito original,2006,March,367
7,8 ,Absinth,2006,March,341
8,9 ,Pina Colada,2006,March,335
9,10 ,Sex On The Beach 3,2006,March,179
0,1 ,Sex On The Beach,2006,April,184
1,2 ,Caipirinha,2006,April,114
2,3 ,Long Island Icetea,2006,April,108
3,4 ,White Russian (der Echte!),2006,April,89
4,5 ,Zombie,2006,April,79
5,6 ,Mojito original,2006,April,77
6,7 ,Pina Colada,2006,April,68
7,8 ,Absinth,2006,April,55
8,9 ,B52,2006,April,41
9,10 ,Sex On The Beach 3,2006,April,37
0,1 ,Sex On The Beach,2006,October,880
1,2 ,Baby Aspirin,2006,October,531
2,3 ,Caipirinha,2006,October,522
3,4 ,Long Island Icetea,2006,October,480
4,5 ,May Tai,2006,October,444
5,6 ,Zombie,2006,October,414
6,7 ,Mojito original,2006,October,340
7,8 ,Absinth,2006,October,299
8,9 ,Sex On The Beach 3,2006,October,293
9,10 ,White Russian (der Echte!),2006,October,253
0,1 ,Baby Aspirin,2006,November,935
1,2 ,Caipirinha,2006,November,931
2,3 ,Sex On The Beach,2006,November,838
3,4 ,Long Island Icetea,2006,November,813
4,5 ,May Tai,2006,November,748
5,6 ,Zombie,2006,November,550
6,7 ,Sex On The Beach 3,2006,November,526
7,8 ,White Russian (der Echte!),2006,November,498
8,9 ,Absinth,2006,November,490
9,10 ,'57 Chevy,2006,November,454
0,1 ,Caipirinha,2006,December,1100
1,2 ,Long Island Icetea,2006,December,1023
2,3 ,Baby Aspirin,2006,December,969
3,4 ,May Tai,2006,December,955
4,5 ,Zombie,2006,December,827
5,6 ,Sex On The Beach 3,2006,December,668
6,7 ,Mojito original,2006,December,625
7,8 ,Absinth,2006,December,514
8,9 ,White Russian (der Echte!),2006,December,483
9,10 ,'57 Chevy,2006,December,463
0,1 ,Sex On The Beach,2007,total,13604
1,2 ,Caipirinha,2007,total,9462
2,3 ,Baby Aspirin,2007,total,7977
3,4 ,Long Island Icetea,2007,total,7904
4,5 ,May Tai,2007,total,7835
5,6 ,Zombie,2007,total,7093
6,7 ,Mojito original,2007,total,6214
7,8 ,Sex On The Beach 3,2007,total,4919
8,9 ,White Russian (der Echte!),2007,total,4624
9,10 ,'57 Chevy,2007,total,4309
0,1 ,Sex On The Beach,2007,January,1569
1,2 ,Caipirinha,2007,January,970
2,3 ,Long Island Icetea,2007,January,884
3,4 ,Baby Aspirin,2007,January,857
4,5 ,May Tai,2007,January,804
5,6 ,Zombie,2007,January,735
6,7 ,Sex On The Beach 3,2007,January,564
7,8 ,Mojito original,2007,January,539
8,9 ,Absinth,2007,January,506
9,10 ,White Russian (der Echte!),2007,January,494
0,1 ,Sex On The Beach,2007,February,1239
1,2 ,Caipirinha,2007,February,829
2,3 ,Long Island Icetea,2007,February,744
3,4 ,Baby Aspirin,2007,February,720
4,5 ,May Tai,2007,February,672
5,6 ,Zombie,2007,February,607
6,7 ,Sex On The Beach 3,2007,February,442
7,8 ,Mojito original,2007,February,441
8,9 ,'57 Chevy,2007,February,400
9,10 ,White Russian (der Echte!),2007,February,393
0,1 ,Sex On The Beach,2007,March,1352
1,2 ,Caipirinha,2007,March,812
2,3 ,Long Island Icetea,2007,March,754
3,4 ,Baby Aspirin,2007,March,727
4,5 ,May Tai,2007,March,689
5,6 ,Zombie,2007,March,639
6,7 ,Mojito original,2007,March,483
7,8 ,White Russian (der Echte!),2007,March,459
8,9 ,Sex On The Beach 3,2007,March,447
9,10 ,Absinth,2007,March,389
0,1 ,Sex On The Beach,2007,April,1178
1,2 ,Caipirinha,2007,April,733
2,3 ,Long Island Icetea,2007,April,728
3,4 ,May Tai,2007,April,671
4,5 ,Baby Aspirin,2007,April,631
5,6 ,Zombie,2007,April,552
6,7 ,Mojito original,2007,April,513
7,8 ,Sex On The Beach 3,2007,April,400
8,9 ,White Russian (der Echte!),2007,April,397
9,10 ,'57 Chevy,2007,April,344
0,1 ,Sex On The Beach,2007,May,1730
1,2 ,Caipirinha,2007,May,1092
2,3 ,Long Island Icetea,2007,May,961
3,4 ,Baby Aspirin,2007,May,925
4,5 ,May Tai,2007,May,886
5,6 ,Erdbeerbowle,2007,May,865
6,7 ,Zombie,2007,May,773
7,8 ,Mojito original,2007,May,745
8,9 ,Sex On The Beach 3,2007,May,556
9,10 ,'57 Chevy,2007,May,484
0,1 ,Sex On The Beach,2007,June,1186
1,2 ,Erdbeerbowle,2007,June,974
2,3 ,Caipirinha,2007,June,779
3,4 ,May Tai,2007,June,682
4,5 ,Baby Aspirin,2007,June,658
5,6 ,Mojito original,2007,June,652
6,7 ,Zombie,2007,June,599
7,8 ,Sex On The Beach 3,2007,June,414
8,9 ,White Russian (der Echte!),2007,June,360
9,10 ,'57 Chevy,2007,June,358
0,1 ,Sex On The Beach,2007,July,968
1,2 ,Caipirinha,2007,July,764
2,3 ,Long Island Icetea,2007,July,663
3,4 ,May Tai,2007,July,627
4,5 ,Baby Aspirin,2007,July,602
5,6 ,Zombie,2007,July,587
6,7 ,Mojito original,2007,July,530
7,8 ,Sex On The Beach 3,2007,July,382
8,9 ,White Russian (der Echte!),2007,July,381
9,10 ,'57 Chevy,2007,July,338
0,1 ,Sex On The Beach,2007,August,1066
1,2 ,Caipirinha,2007,August,779
2,3 ,Long Island Icetea,2007,August,636
3,4 ,May Tai,2007,August,593
4,5 ,Baby Aspirin,2007,August,587
5,6 ,Mojito original,2007,August,573
6,7 ,Kaukasier,2007,August,553
7,8 ,Zombie,2007,August,545
8,9 ,Sex On The Beach 3,2007,August,375
9,10 ,White Russian (der Echte!),2007,August,361
0,1 ,Sex On The Beach,2007,September,907
1,2 ,Caipirinha,2007,September,611
2,3 ,Long Island Icetea,2007,September,534
3,4 ,Kaukasier,2007,September,517
4,5 ,Baby Aspirin,2007,September,512
5,6 ,May Tai,2007,September,480
6,7 ,Zombie,2007,September,431
7,8 ,Mojito original,2007,September,374
8,9 ,White Russian (der Echte!),2007,September,298
9,10 ,'57 Chevy,2007,September,294
0,1 ,Sex On The Beach,2007,October,1062
1,2 ,Caipirinha,2007,October,643
2,3 ,Baby Aspirin,2007,October,607
3,4 ,Long Island Icetea,2007,October,593
4,5 ,May Tai,2007,October,575
5,6 ,Zombie,2007,October,540
6,7 ,Mojito original,2007,October,428
7,8 ,'57 Chevy,2007,October,354
8,9 ,Sex On The Beach 3,2007,October,339
9,10 ,White Russian (der Echte!),2007,October,319
0,1 ,Sex On The Beach,2007,November,1047
1,2 ,Caipirinha,2007,November,691
2,3 ,Long Island Icetea,2007,November,638
3,4 ,May Tai,2007,November,555
4,5 ,Zombie,2007,November,543
5,6 ,Baby Aspirin,2007,November,524
6,7 ,Mojito original,2007,November,435
7,8 ,White Russian (der Echte!),2007,November,367
8,9 ,Sex On The Beach 3,2007,November,331
9,10 ,Absinth,2007,November,329
0,1 ,Caipirinha,2007,December,759
1,2 ,Long Island Icetea,2007,December,640
2,3 ,Baby Aspirin,2007,December,627
3,4 ,May Tai,2007,December,601
4,5 ,Zombie,2007,December,542
5,6 ,Mojito original,2007,December,501
6,7 ,Sex On The Beach 3,2007,December,390
7,8 ,White Russian (der Echte!),2007,December,357
8,9 ,'57 Chevy,2007,December,322
9,10 ,Sex On The Beach,2007,December,300
0,1 ,Sex On The Beach,2008,total,11108
1,2 ,Caipirinha,2008,total,7656
2,3 ,Long Island Icetea,2008,total,6783
3,4 ,Baby Aspirin,2008,total,6243
4,5 ,May Tai,2008,total,6213
5,6 ,Zombie,2008,total,5592
6,7 ,Mojito original,2008,total,5278
7,8 ,'57 Chevy,2008,total,3701
8,9 ,Sex On The Beach 3,2008,total,3218
9,10 ,White Russian (der Echte!),2008,total,3149
0,1 ,Sex On The Beach,2008,January,1141
1,2 ,Caipirinha,2008,January,677
2,3 ,Baby Aspirin,2008,January,643
3,4 ,Zombie,2008,January,629
4,5 ,May Tai,2008,January,609
5,6 ,Long Island Icetea,2008,January,602
6,7 ,Mojito original,2008,January,461
7,8 ,'57 Chevy,2008,January,375
8,9 ,Absinth,2008,January,321
9,10 ,White Russian (der Echte!),2008,January,301
0,1 ,Sex On The Beach,2008,February,895
1,2 ,Caipirinha,2008,February,603
2,3 ,Baby Aspirin,2008,February,571
3,4 ,Long Island Icetea,2008,February,551
4,5 ,May Tai,2008,February,540
5,6 ,Zombie,2008,February,524
6,7 ,Mojito original,2008,February,401
7,8 ,'57 Chevy,2008,February,331
8,9 ,Sex On The Beach 3,2008,February,304
9,10 ,White Russian (der Echte!),2008,February,278
0,1 ,Sex On The Beach,2008,March,923
1,2 ,Caipirinha,2008,March,705
2,3 ,Long Island Icetea,2008,March,563
3,4 ,Baby Aspirin,2008,March,537
4,5 ,Zombie,2008,March,517
5,6 ,May Tai,2008,March,503
6,7 ,Mojito original,2008,March,426
7,8 ,'57 Chevy,2008,March,317
8,9 ,Absinth,2008,March,274
9,10 ,Sex On The Beach 3,2008,March,273
0,1 ,Sex On The Beach,2008,April,1096
1,2 ,Caipirinha,2008,April,725
2,3 ,Long Island Icetea,2008,April,598
3,4 ,Baby Aspirin,2008,April,558
4,5 ,May Tai,2008,April,551
5,6 ,Zombie,2008,April,543
6,7 ,Mojito original,2008,April,450
7,8 ,'57 Chevy,2008,April,324
8,9 ,Sex On The Beach 3,2008,April,319
9,10 ,White Russian (der Echte!),2008,April,277
0,1 ,Sex On The Beach,2008,May,1027
1,2 ,Caipirinha,2008,May,650
2,3 ,Long Island Icetea,2008,May,579
3,4 ,May Tai,2008,May,552
4,5 ,Baby Aspirin,2008,May,528
5,6 ,Mojito original,2008,May,476
6,7 ,White Russian (der Echte!),2008,May,415
7,8 ,Sex On The Beach 3,2008,May,318
8,9 ,'57 Chevy,2008,May,294
9,10 ,Absinth,2008,May,276
0,1 ,Sex On The Beach,2008,June,939
1,2 ,Caipirinha,2008,June,648
2,3 ,Long Island Icetea,2008,June,545
3,4 ,Baby Aspirin,2008,June,494
4,5 ,May Tai,2008,June,487
5,6 ,Zombie,2008,June,463
6,7 ,Mojito original,2008,June,457
7,8 ,Sex On The Beach 3,2008,June,288
8,9 ,'57 Chevy,2008,June,274
9,10 ,White Russian (der Echte!),2008,June,267
0,1 ,Sex On The Beach,2008,July,960
1,2 ,Caipirinha,2008,July,743
2,3 ,May Tai,2008,July,603
3,4 ,Long Island Icetea,2008,July,602
4,5 ,Baby Aspirin,2008,July,562
5,6 ,Mojito original,2008,July,560
6,7 ,Zombie,2008,July,550
7,8 ,'57 Chevy,2008,July,348
8,9 ,Sex On The Beach 3,2008,July,323
9,10 ,White Russian (der Echte!),2008,July,311
0,1 ,Sex On The Beach,2008,August,769
1,2 ,Caipirinha,2008,August,626
2,3 ,Long Island Icetea,2008,August,482
3,4 ,Baby Aspirin,2008,August,443
4,5 ,Mojito original,2008,August,440
5,6 ,May Tai,2008,August,433
6,7 ,Zombie,2008,August,416
7,8 ,'57 Chevy,2008,August,271
8,9 ,Sex On The Beach 3,2008,August,253
9,10 ,Mojito,2008,August,230
0,1 ,Sex On The Beach,2008,September,854
1,2 ,Long Island Icetea,2008,September,592
2,3 ,Caipirinha,2008,September,588
3,4 ,Baby Aspirin,2008,September,500
4,5 ,Zombie,2008,September,481
5,6 ,May Tai,2008,September,479
6,7 ,Mojito original,2008,September,435
7,8 ,'57 Chevy,2008,September,287
8,9 ,Sex On The Beach 3,2008,September,219
9,10 ,Highfly,2008,September,216
0,1 ,Sex On The Beach,2008,October,827
1,2 ,Long Island Icetea,2008,October,604
2,3 ,Caipirinha,2008,October,570
3,4 ,May Tai,2008,October,509
4,5 ,Baby Aspirin,2008,October,500
5,6 ,Zombie,2008,October,468
6,7 ,Mojito original,2008,October,406
7,8 ,'57 Chevy,2008,October,303
8,9 ,Sex On The Beach 3,2008,October,239
9,10 ,Absinth,2008,October,223
0,1 ,Sex On The Beach,2008,November,790
1,2 ,Caipirinha,2008,November,520
2,3 ,Long Island Icetea,2008,November,518
3,4 ,May Tai,2008,November,454
4,5 ,Zombie,2008,November,448
5,6 ,Baby Aspirin,2008,November,445
6,7 ,Mojito original,2008,November,345
7,8 ,'57 Chevy,2008,November,270
8,9 ,Sex On The Beach 3,2008,November,239
9,10 ,Absinth,2008,November,225
0,1 ,Sex On The Beach,2008,December,887
1,2 ,Caipirinha,2008,December,601
2,3 ,Long Island Icetea,2008,December,547
3,4 ,May Tai,2008,December,493
4,5 ,Zombie,2008,December,492
5,6 ,Baby Aspirin,2008,December,462
6,7 ,Mojito original,2008,December,421
7,8 ,'57 Chevy,2008,December,307
8,9 ,Sex On The Beach 3,2008,December,269
9,10 ,White Russian (der Echte!),2008,December,227
0,1 ,Sex On The Beach,2009,total,8459
1,2 ,Caipirinha,2009,total,6144
2,3 ,Long Island Icetea,2009,total,5425
3,4 ,Zombie,2009,total,5089
4,5 ,May Tai,2009,total,5035
5,6 ,Baby Aspirin,2009,total,4735
6,7 ,Mojito original,2009,total,4579
7,8 ,'57 Chevy,2009,total,3043
8,9 ,Seven and Seven,2009,total,2629
9,10 ,Sex On The Beach 3,2009,total,2628
0,1 ,Sex On The Beach,2009,January,834
1,2 ,Caipirinha,2009,January,559
2,3 ,Long Island Icetea,2009,January,483
3,4 ,May Tai,2009,January,483
4,5 ,Zombie,2009,January,450
5,6 ,Baby Aspirin,2009,January,447
6,7 ,Mojito original,2009,January,372
7,8 ,'57 Chevy,2009,January,279
8,9 ,Sex On The Beach 3,2009,January,237
9,10 ,White Russian (der Echte!),2009,January,227
0,1 ,Sex On The Beach,2009,February,724
1,2 ,Caipirinha,2009,February,477
2,3 ,Zombie,2009,February,450
3,4 ,Baby Aspirin,2009,February,414
4,5 ,Long Island Icetea,2009,February,406
5,6 ,May Tai,2009,February,391
6,7 ,Mojito original,2009,February,333
7,8 ,'57 Chevy,2009,February,267
8,9 ,Seven and Seven,2009,February,236
9,10 ,Sex On The Beach 3,2009,February,224
0,1 ,Sex On The Beach,2009,March,857
1,2 ,Caipirinha,2009,March,600
2,3 ,Long Island Icetea,2009,March,536
3,4 ,Baby Aspirin,2009,March,480
4,5 ,May Tai,2009,March,475
5,6 ,Zombie,2009,March,468
6,7 ,Mojito original,2009,March,398
7,8 ,'57 Chevy,2009,March,298
8,9 ,Sex On The Beach 3,2009,March,267
9,10 ,White Russian (der Echte!),2009,March,248
0,1 ,Sex On The Beach,2009,April,701
1,2 ,Caipirinha,2009,April,515
2,3 ,Long Island Icetea,2009,April,440
3,4 ,May Tai,2009,April,434
4,5 ,Baby Aspirin,2009,April,373
5,6 ,Mojito original,2009,April,362
6,7 ,Zombie,2009,April,351
7,8 ,Seven and Seven,2009,April,253
8,9 ,Sex On The Beach 3,2009,April,206
9,10 ,'57 Chevy,2009,April,204
0,1 ,Sex On The Beach,2009,May,569
1,2 ,Caipirinha,2009,May,537
2,3 ,Long Island Icetea,2009,May,508
3,4 ,Zombie,2009,May,474
4,5 ,May Tai,2009,May,453
5,6 ,Mojito original,2009,May,440
6,7 ,Baby Aspirin,2009,May,322
7,8 ,'57 Chevy,2009,May,257
8,9 ,Sex On The Beach 3,2009,May,240
9,10 ,Mojito,2009,May,219
0,1 ,Sex On The Beach,2009,June,731
1,2 ,Caipirinha,2009,June,532
2,3 ,Long Island Icetea,2009,June,437
3,4 ,May Tai,2009,June,400
4,5 ,Mojito original,2009,June,397
5,6 ,Zombie,2009,June,379
6,7 ,Baby Aspirin,2009,June,379
7,8 ,Seven and Seven,2009,June,327
8,9 ,'57 Chevy,2009,June,236
9,10 ,Mojito,2009,June,212
0,1 ,Sex On The Beach,2009,July,668
1,2 ,Caipirinha,2009,July,573
2,3 ,Mojito original,2009,July,446
3,4 ,Long Island Icetea,2009,July,440
4,5 ,May Tai,2009,July,412
5,6 ,Baby Aspirin,2009,July,408
6,7 ,Zombie,2009,July,398
7,8 ,'57 Chevy,2009,July,255
8,9 ,Seven and Seven,2009,July,244
9,10 ,Mojito,2009,July,231
0,1 ,Sex On The Beach,2009,August,664
1,2 ,Caipirinha,2009,August,512
2,3 ,Long Island Icetea,2009,August,460
3,4 ,Zombie,2009,August,447
4,5 ,May Tai,2009,August,419
5,6 ,Mojito original,2009,August,413
6,7 ,Baby Aspirin,2009,August,380
7,8 ,Seven and Seven,2009,August,281
8,9 ,'57 Chevy,2009,August,229
9,10 ,Sex On The Beach 3,2009,August,218
0,1 ,Sex On The Beach,2009,September,673
1,2 ,Caipirinha,2009,September,446
2,3 ,Long Island Icetea,2009,September,439
3,4 ,Zombie,2009,September,409
4,5 ,Baby Aspirin,2009,September,392
5,6 ,May Tai,2009,September,371
6,7 ,Mojito original,2009,September,362
7,8 ,'57 Chevy,2009,September,239
8,9 ,Sex On The Beach 3,2009,September,192
9,10 ,Mojito,2009,September,185
0,1 ,Sex On The Beach,2009,October,694
1,2 ,Caipirinha,2009,October,458
2,3 ,Long Island Icetea,2009,October,447
3,4 ,Zombie,2009,October,433
4,5 ,May Tai,2009,October,386
5,6 ,Baby Aspirin,2009,October,380
6,7 ,Mojito original,2009,October,344
7,8 ,'57 Chevy,2009,October,272
8,9 ,Sex On The Beach 3,2009,October,207
9,10 ,White Russian (der Echte!),2009,October,181
0,1 ,Sex On The Beach,2009,November,685
1,2 ,Caipirinha,2009,November,466
2,3 ,Long Island Icetea,2009,November,410
3,4 ,Zombie,2009,November,409
4,5 ,May Tai,2009,November,387
5,6 ,Baby Aspirin,2009,November,378
6,7 ,Mojito original,2009,November,351
7,8 ,'57 Chevy,2009,November,229
8,9 ,Seven and Seven,2009,November,222
9,10 ,Sex On The Beach 3,2009,November,188
0,1 ,Sex On The Beach,2009,December,659
1,2 ,Caipirinha,2009,December,469
2,3 ,May Tai,2009,December,424
3,4 ,Zombie,2009,December,421
4,5 ,Long Island Icetea,2009,December,419
5,6 ,Baby Aspirin,2009,December,382
6,7 ,Mojito original,2009,December,361
7,8 ,'57 Chevy,2009,December,278
8,9 ,Dream Cocktail,2009,December,237
9,10 ,Seven and Seven,2009,December,211
0,1 ,Sex On The Beach,2010,total,6975
1,2 ,Caipirinha,2010,total,4655
2,3 ,Long Island Icetea,2010,total,4528
3,4 ,May Tai,2010,total,4295
4,5 ,Baby Aspirin,2010,total,4281
5,6 ,Zombie,2010,total,4248
6,7 ,Mojito original,2010,total,3527
7,8 ,'57 Chevy,2010,total,2863
8,9 ,Highfly,2010,total,2314
9,10 ,Sex On The Beach 3,2010,total,1925
0,1 ,Sex On The Beach,2010,January,684
1,2 ,Long Island Icetea,2010,January,444
2,3 ,Caipirinha,2010,January,443
3,4 ,May Tai,2010,January,414
4,5 ,Zombie,2010,January,411
5,6 ,Baby Aspirin,2010,January,397
6,7 ,Mojito original,2010,January,290
7,8 ,'57 Chevy,2010,January,251
8,9 ,Seven and Seven,2010,January,237
9,10 ,White Russian (der Echte!),2010,January,207
0,1 ,Sex On The Beach,2010,February,617
1,2 ,Caipirinha,2010,February,388
2,3 ,Long Island Icetea,2010,February,375
3,4 ,Zombie,2010,February,354
4,5 ,May Tai,2010,February,347
5,6 ,Baby Aspirin,2010,February,311
6,7 ,Mojito original,2010,February,280
7,8 ,'57 Chevy,2010,February,236
8,9 ,Seven and Seven,2010,February,178
9,10 ,Sex On The Beach 3,2010,February,173
0,1 ,Sex On The Beach,2010,March,649
1,2 ,Zombie,2010,March,402
2,3 ,Caipirinha,2010,March,402
3,4 ,Long Island Icetea,2010,March,390
4,5 ,May Tai,2010,March,372
5,6 ,Baby Aspirin,2010,March,359
6,7 ,Mojito original,2010,March,309
7,8 ,'57 Chevy,2010,March,263
8,9 ,Sex On The Beach 3,2010,March,179
9,10 ,White Russian (der Echte!),2010,March,174
0,1 ,Sex On The Beach,2010,April,550
1,2 ,Long Island Icetea,2010,April,386
2,3 ,Zombie,2010,April,358
3,4 ,Caipirinha,2010,April,352
4,5 ,May Tai,2010,April,338
5,6 ,Baby Aspirin,2010,April,320
6,7 ,'57 Chevy,2010,April,215
7,8 ,Sex On The Beach 3,2010,April,174
8,9 ,Strawberry Pineapple Milk Shake,2010,April,173
9,10 ,Highfly,2010,April,156
0,1 ,Sex On The Beach,2010,May,621
1,2 ,Caipirinha,2010,May,410
2,3 ,Long Island Icetea,2010,May,379
3,4 ,May Tai,2010,May,367
4,5 ,Baby Aspirin,2010,May,362
5,6 ,Zombie,2010,May,361
6,7 ,Mojito original,2010,May,354
7,8 ,'57 Chevy,2010,May,231
8,9 ,Sex On The Beach 3,2010,May,187
9,10 ,Mojito,2010,May,173
0,1 ,Sex On The Beach,2010,June,555
1,2 ,Long Island Icetea,2010,June,351
2,3 ,Mojito original,2010,June,350
3,4 ,Caipirinha,2010,June,345
4,5 ,Baby Aspirin,2010,June,321
5,6 ,May Tai,2010,June,314
6,7 ,Zombie,2010,June,292
7,8 ,Mojito,2010,June,191
8,9 ,'57 Chevy,2010,June,180
9,10 ,Sex On The Beach 3,2010,June,178
0,1 ,Sex On The Beach,2010,July,431
1,2 ,Caipirinha,2010,July,355
2,3 ,Mojito original,2010,July,333
3,4 ,Baby Aspirin,2010,July,286
4,5 ,Long Island Icetea,2010,July,283
5,6 ,Zombie,2010,July,276
6,7 ,May Tai,2010,July,271
7,8 ,'57 Chevy,2010,July,196
8,9 ,Mojito,2010,July,161
9,10 ,Highfly,2010,July,160
0,1 ,Sex On The Beach,2010,August,606
1,2 ,Caipirinha,2010,August,460
2,3 ,Baby Aspirin,2010,August,429
3,4 ,Long Island Icetea,2010,August,428
4,5 ,May Tai,2010,August,417
5,6 ,Zombie,2010,August,405
6,7 ,Mojito original,2010,August,360
7,8 ,Highfly,2010,August,294
8,9 ,'57 Chevy,2010,August,285
9,10 ,Pina Colada,2010,August,248
0,1 ,Sex On The Beach,2010,September,596
1,2 ,Caipirinha,2010,September,405
2,3 ,Baby Aspirin,2010,September,403
3,4 ,Long Island Icetea,2010,September,393
4,5 ,May Tai,2010,September,370
5,6 ,Zombie,2010,September,347
6,7 ,Mojito original,2010,September,291
7,8 ,'57 Chevy,2010,September,259
8,9 ,Highfly,2010,September,251
9,10 ,Pina Colada,2010,September,188
0,1 ,Sex On The Beach,2010,October,567
1,2 ,Caipirinha,2010,October,377
2,3 ,May Tai,2010,October,373
3,4 ,Long Island Icetea,2010,October,367
4,5 ,Baby Aspirin,2010,October,349
5,6 ,Zombie,2010,October,348
6,7 ,Mojito original,2010,October,288
7,8 ,'57 Chevy,2010,October,258
8,9 ,Highfly,2010,October,234
9,10 ,Pina Colada,2010,October,169
0,1 ,Sex On The Beach,2010,November,569
1,2 ,Long Island Icetea,2010,November,367
2,3 ,Baby Aspirin,2010,November,362
3,4 ,Caipirinha,2010,November,362
4,5 ,Zombie,2010,November,355
5,6 ,May Tai,2010,November,349
6,7 ,Mojito original,2010,November,271
7,8 ,'57 Chevy,2010,November,241
8,9 ,Highfly,2010,November,231
9,10 ,Pina Colada,2010,November,172
0,1 ,Sex On The Beach,2010,December,530
1,2 ,Baby Aspirin,2010,December,382
2,3 ,Long Island Icetea,2010,December,365
3,4 ,May Tai,2010,December,363
4,5 ,Caipirinha,2010,December,356
5,6 ,Zombie,2010,December,339
6,7 ,Mojito original,2010,December,306
7,8 ,'57 Chevy,2010,December,248
8,9 ,Highfly,2010,December,248
9,10 ,Pina Colada,2010,December,192
0,1 ,Sex On The Beach,2011,total,5881
1,2 ,Baby Aspirin,2011,total,4210
2,3 ,Caipirinha,2011,total,3985
3,4 ,Long Island Icetea,2011,total,3946
4,5 ,May Tai,2011,total,3913
5,6 ,Zombie,2011,total,3815
6,7 ,Mojito original,2011,total,3319
7,8 ,Pina Colada,2011,total,3074
8,9 ,'57 Chevy,2011,total,2875
9,10 ,Highfly,2011,total,2819
0,1 ,Grand Slam Trend,2011,January,1955
1,2 ,Sex On The Beach,2011,January,560
2,3 ,Baby Aspirin,2011,January,407
3,4 ,May Tai,2011,January,385
4,5 ,Caipirinha,2011,January,372
5,6 ,Long Island Icetea,2011,January,349
6,7 ,Zombie,2011,January,348
7,8 ,Mojito original,2011,January,292
8,9 ,'57 Chevy,2011,January,280
9,10 ,Highfly,2011,January,268
0,1 ,Sex On The Beach,2011,February,531
1,2 ,Baby Aspirin,2011,February,356
2,3 ,Caipirinha,2011,February,339
3,4 ,Long Island Icetea,2011,February,324
4,5 ,May Tai,2011,February,318
5,6 ,Zombie,2011,February,313
6,7 ,Mojito original,2011,February,255
7,8 ,'57 Chevy,2011,February,248
8,9 ,Highfly,2011,February,217
9,10 ,Pina Colada,2011,February,192
0,1 ,Sex On The Beach,2011,March,530
1,2 ,Baby Aspirin,2011,March,387
2,3 ,May Tai,2011,March,366
3,4 ,Long Island Icetea,2011,March,355
4,5 ,Caipirinha,2011,March,353
5,6 ,Zombie,2011,March,352
6,7 ,Mojito original,2011,March,259
7,8 ,'57 Chevy,2011,March,251
8,9 ,Highfly,2011,March,250
9,10 ,Irish Flag (alkoholisch),2011,March,194
0,1 ,Sex On The Beach,2011,April,489
1,2 ,Long Island Icetea,2011,April,341
2,3 ,Caipirinha,2011,April,336
3,4 ,Zombie,2011,April,327
4,5 ,Baby Aspirin,2011,April,326
5,6 ,May Tai,2011,April,314
6,7 ,Highfly,2011,April,265
7,8 ,Mojito original,2011,April,254
8,9 ,'57 Chevy,2011,April,242
9,10 ,Pina Colada,2011,April,200
0,1 ,Sex On The Beach,2011,May,554
1,2 ,Caipirinha,2011,May,378
2,3 ,Baby Aspirin,2011,May,359
3,4 ,Long Island Icetea,2011,May,356
4,5 ,May Tai,2011,May,336
5,6 ,Zombie,2011,May,326
6,7 ,Mojito original,2011,May,320
7,8 ,'57 Chevy,2011,May,251
8,9 ,Highfly,2011,May,236
9,10 ,Pina Colada,2011,May,184
0,1 ,Sex On The Beach,2011,June,607
1,2 ,Long Island Icetea,2011,June,427
2,3 ,Caipirinha,2011,June,424
3,4 ,Baby Aspirin,2011,June,410
4,5 ,May Tai,2011,June,406
5,6 ,Zombie,2011,June,391
6,7 ,Mojito original,2011,June,391
7,8 ,'57 Chevy,2011,June,288
8,9 ,Highfly,2011,June,284
9,10 ,Pina Colada,2011,June,222
0,1 ,Sex On The Beach,2011,July,520
1,2 ,Baby Aspirin,2011,July,388
2,3 ,May Tai,2011,July,378
3,4 ,Long Island Icetea,2011,July,358
4,5 ,Caipirinha,2011,July,355
5,6 ,Zombie,2011,July,333
6,7 ,Mojito original,2011,July,322
7,8 ,'57 Chevy,2011,July,240
8,9 ,Highfly,2011,July,236
9,10 ,Pina Colada,2011,July,194
0,1 ,Pina Colada,2011,August,1024
1,2 ,Sex On The Beach,2011,August,460
2,3 ,Absinth,2011,August,391
3,4 ,Baby Aspirin,2011,August,331
4,5 ,Long Island Icetea,2011,August,330
5,6 ,May Tai,2011,August,325
6,7 ,Caipirinha,2011,August,303
7,8 ,Zombie,2011,August,279
8,9 ,Mojito original,2011,August,254
9,10 ,'57 Chevy,2011,August,220
0,1 ,Sex On The Beach,2011,September,398
1,2 ,Baby Aspirin,2011,September,296
2,3 ,Caipirinha,2011,September,290
3,4 ,Zombie,2011,September,279
4,5 ,Long Island Icetea,2011,September,277
5,6 ,Mojito original,2011,September,259
6,7 ,May Tai,2011,September,255
7,8 ,Highfly,2011,September,218
8,9 ,'57 Chevy,2011,September,211
9,10 ,Pina Colada,2011,September,174
0,1 ,Sex On The Beach,2011,October,445
1,2 ,Baby Aspirin,2011,October,347
2,3 ,Zombie,2011,October,321
3,4 ,Mojito original,2011,October,321
4,5 ,Long Island Icetea,2011,October,309
5,6 ,Caipirinha,2011,October,301
6,7 ,May Tai,2011,October,298
7,8 ,Highfly,2011,October,240
8,9 ,Kamikaze Shot,2011,October,239
9,10 ,'57 Chevy,2011,October,230
0,1 ,Sex On The Beach,2011,November,404
1,2 ,Baby Aspirin,2011,November,314
2,3 ,Caipirinha,2011,November,269
3,4 ,Zombie,2011,November,267
4,5 ,Long Island Icetea,2011,November,260
5,6 ,May Tai,2011,November,245
6,7 ,Kamikaze Shot,2011,November,227
7,8 ,'57 Chevy,2011,November,220
8,9 ,Highfly,2011,November,200
9,10 ,Mojito original,2011,November,186
0,1 ,Sex On The Beach,2011,December,383
1,2 ,Baby Aspirin,2011,December,289
2,3 ,May Tai,2011,December,287
3,4 ,Zombie,2011,December,279
4,5 ,Caipirinha,2011,December,265
5,6 ,Long Island Icetea,2011,December,260
6,7 ,Irish Flag (alkoholisch),2011,December,242
7,8 ,Mojito original,2011,December,206
8,9 ,Highfly,2011,December,197
9,10 ,'57 Chevy,2011,December,194
0,1 ,Sex On The Beach,2012,total,4939
1,2 ,Baby Aspirin,2012,total,3824
2,3 ,May Tai,2012,total,3591
3,4 ,Irish Flag (alkoholisch),2012,total,3447
4,5 ,Caipirinha,2012,total,3374
5,6 ,Zombie,2012,total,3230
6,7 ,Long Island Icetea,2012,total,3227
7,8 ,Mojito original,2012,total,2949
8,9 ,'57 Chevy,2012,total,2631
9,10 ,Highfly,2012,total,2628
0,1 ,Sex On The Beach,2012,January,474
1,2 ,Baby Aspirin,2012,January,353
2,3 ,May Tai,2012,January,319
3,4 ,Long Island Icetea,2012,January,309
4,5 ,Caipirinha,2012,January,309
5,6 ,Zombie,2012,January,295
6,7 ,Irish Flag (alkoholisch),2012,January,233
7,8 ,Highfly,2012,January,214
8,9 ,Mojito original,2012,January,212
9,10 ,Kamikaze Shot,2012,January,190
0,1 ,Sex On The Beach,2012,February,393
1,2 ,Baby Aspirin,2012,February,305
2,3 ,May Tai,2012,February,290
3,4 ,Zombie,2012,February,281
4,5 ,Caipirinha,2012,February,269
5,6 ,Long Island Icetea,2012,February,265
6,7 ,'57 Chevy,2012,February,211
7,8 ,Mojito original,2012,February,208
8,9 ,Irish Flag (alkoholisch),2012,February,208
9,10 ,Highfly,2012,February,191
0,1 ,Irish Flag (alkoholisch),2012,March,499
1,2 ,Sex On The Beach,2012,March,410
2,3 ,Baby Aspirin,2012,March,295
3,4 ,Caipirinha,2012,March,265
4,5 ,May Tai,2012,March,263
5,6 ,Long Island Icetea,2012,March,254
6,7 ,Zombie,2012,March,244
7,8 ,'57 Chevy,2012,March,215
8,9 ,Mojito original,2012,March,205
9,10 ,Highfly,2012,March,205
0,1 ,Sex On The Beach,2012,April,433
1,2 ,Baby Aspirin,2012,April,416
2,3 ,May Tai,2012,April,365
3,4 ,Zombie,2012,April,315
4,5 ,Long Island Icetea,2012,April,309
5,6 ,Mojito original,2012,April,303
6,7 ,Caipirinha,2012,April,288
7,8 ,Highfly,2012,April,250
8,9 ,'57 Chevy,2012,April,239
9,10 ,Irish Flag (alkoholisch),2012,April,213
0,1 ,Sex On The Beach,2012,May,443
1,2 ,Baby Aspirin,2012,May,307
2,3 ,May Tai,2012,May,284
3,4 ,Caipirinha,2012,May,276
4,5 ,Mojito original,2012,May,265
5,6 ,Zombie,2012,May,259
6,7 ,Long Island Icetea,2012,May,253
7,8 ,'57 Chevy,2012,May,225
8,9 ,Highfly,2012,May,222
9,10 ,Irish Flag (alkoholisch),2012,May,221
0,1 ,Sex On The Beach,2012,June,411
1,2 ,Caipirinha,2012,June,316
2,3 ,May Tai,2012,June,312
3,4 ,Baby Aspirin,2012,June,311
4,5 ,Long Island Icetea,2012,June,274
5,6 ,Mojito original,2012,June,267
6,7 ,Zombie,2012,June,257
7,8 ,Irish Flag (alkoholisch),2012,June,213
8,9 ,'57 Chevy,2012,June,211
9,10 ,Highfly,2012,June,207
0,1 ,Sex On The Beach,2012,July,433
1,2 ,Baby Aspirin,2012,July,367
2,3 ,May Tai,2012,July,366
3,4 ,Caipirinha,2012,July,342
4,5 ,'57 Chevy,2012,July,322
5,6 ,Zombie,2012,July,316
6,7 ,Mojito original,2012,July,311
7,8 ,Long Island Icetea,2012,July,292
8,9 ,Highfly,2012,July,261
9,10 ,Irish Flag (alkoholisch),2012,July,246
0,1 ,Sex On The Beach,2012,August,436
1,2 ,Baby Aspirin,2012,August,326
2,3 ,May Tai,2012,August,302
3,4 ,Caipirinha,2012,August,301
4,5 ,Mojito original,2012,August,274
5,6 ,Zombie,2012,August,270
6,7 ,Irish Flag (alkoholisch),2012,August,260
7,8 ,Long Island Icetea,2012,August,259
8,9 ,Highfly,2012,August,240
9,10 ,'57 Chevy,2012,August,232
0,1 ,Sex On The Beach,2012,September,380
1,2 ,Baby Aspirin,2012,September,276
2,3 ,Caipirinha,2012,September,267
3,4 ,Irish Flag (alkoholisch),2012,September,266
4,5 ,May Tai,2012,September,259
5,6 ,Long Island Icetea,2012,September,248
6,7 ,Zombie,2012,September,247
7,8 ,Mojito original,2012,September,211
8,9 ,Highfly,2012,September,210
9,10 ,'57 Chevy,2012,September,197
0,1 ,Sex On The Beach,2012,October,376
1,2 ,Baby Aspirin,2012,October,322
2,3 ,Irish Flag (alkoholisch),2012,October,322
3,4 ,May Tai,2012,October,271
4,5 ,Caipirinha,2012,October,256
5,6 ,Long Island Icetea,2012,October,248
6,7 ,Mojito original,2012,October,245
7,8 ,Highfly,2012,October,234
8,9 ,Zombie,2012,October,227
9,10 ,'57 Chevy,2012,October,205
0,1 ,Sex On The Beach,2012,November,357
1,2 ,Irish Flag (alkoholisch),2012,November,319
2,3 ,Baby Aspirin,2012,November,268
3,4 ,May Tai,2012,November,255
4,5 ,Zombie,2012,November,244
5,6 ,Long Island Icetea,2012,November,233
6,7 ,Caipirinha,2012,November,227
7,8 ,Mojito original,2012,November,211
8,9 ,'57 Chevy,2012,November,199
9,10 ,Highfly,2012,November,194
0,1 ,Irish Flag (alkoholisch),2012,December,447
1,2 ,Sex On The Beach,2012,December,393
2,3 ,May Tai,2012,December,305
3,4 ,Long Island Icetea,2012,December,283
4,5 ,Baby Aspirin,2012,December,278
5,6 ,Zombie,2012,December,275
6,7 ,Caipirinha,2012,December,258
7,8 ,Mojito original,2012,December,237
8,9 ,Highfly,2012,December,200
9,10 ,'57 Chevy,2012,December,192
0,1 ,Irish Flag (alkoholisch),2013,total,4123
1,2 ,Sex On The Beach,2013,total,3888
2,3 ,Baby Aspirin,2013,total,3247
3,4 ,May Tai,2013,total,2838
4,5 ,Zombie,2013,total,2814
5,6 ,Long Island Icetea,2013,total,2770
6,7 ,Caipirinha,2013,total,2769
7,8 ,Mojito original,2013,total,2464
8,9 ,'57 Chevy,2013,total,2263
9,10 ,Highfly,2013,total,2099
0,1 ,Sex On The Beach,2013,January,420
1,2 ,Baby Aspirin,2013,January,312
2,3 ,Irish Flag (alkoholisch),2013,January,311
3,4 ,Long Island Icetea,2013,January,295
4,5 ,Caipirinha,2013,January,284
5,6 ,May Tai,2013,January,276
6,7 ,Zombie,2013,January,261
7,8 ,Mojito original,2013,January,230
8,9 ,Highfly,2013,January,206
9,10 ,'57 Chevy,2013,January,204
0,1 ,Sex On The Beach,2013,February,385
1,2 ,Baby Aspirin,2013,February,340
2,3 ,Irish Flag (alkoholisch),2013,February,320
3,4 ,Zombie,2013,February,276
4,5 ,Long Island Icetea,2013,February,274
5,6 ,May Tai,2013,February,273
6,7 ,Caipirinha,2013,February,272
7,8 ,'57 Chevy,2013,February,241
8,9 ,Mojito original,2013,February,234
9,10 ,Highfly,2013,February,226
0,1 ,Irish Flag (alkoholisch),2013,March,563
1,2 ,Sex On The Beach,2013,March,374
2,3 ,Baby Aspirin,2013,March,320
3,4 ,May Tai,2013,March,297
4,5 ,Zombie,2013,March,296
5,6 ,Caipirinha,2013,March,274
6,7 ,Long Island Icetea,2013,March,261
7,8 ,'57 Chevy,2013,March,241
8,9 ,Mojito original,2013,March,226
9,10 ,Highfly,2013,March,201
0,1 ,Sex On The Beach,2013,April,307
1,2 ,Baby Aspirin,2013,April,279
2,3 ,Irish Flag (alkoholisch),2013,April,264
3,4 ,Long Island Icetea,2013,April,214
4,5 ,May Tai,2013,April,212
5,6 ,Zombie,2013,April,200
6,7 ,Caipirinha,2013,April,198
7,8 ,'57 Chevy,2013,April,183
8,9 ,Mojito original,2013,April,169
9,10 ,Highfly,2013,April,163
0,1 ,Sex On The Beach,2013,May,277
1,2 ,Irish Flag (alkoholisch),2013,May,247
2,3 ,Baby Aspirin,2013,May,239
3,4 ,Caipirinha,2013,May,227
4,5 ,May Tai,2013,May,225
5,6 ,Mojito original,2013,May,216
6,7 ,Zombie,2013,May,210
7,8 ,Long Island Icetea,2013,May,184
8,9 ,'57 Chevy,2013,May,161
9,10 ,Highfly,2013,May,131
0,1 ,Sex On The Beach,2013,June,310
1,2 ,Irish Flag (alkoholisch),2013,June,266
2,3 ,Baby Aspirin,2013,June,235
3,4 ,Caipirinha,2013,June,228
4,5 ,Long Island Icetea,2013,June,224
5,6 ,Mojito original,2013,June,214
6,7 ,Zombie,2013,June,211
7,8 ,May Tai,2013,June,210
8,9 ,'57 Chevy,2013,June,167
9,10 ,Highfly,2013,June,162
0,1 ,Sex On The Beach,2013,July,353
1,2 ,Caipirinha,2013,July,292
2,3 ,Baby Aspirin,2013,July,287
3,4 ,Mojito original,2013,July,269
4,5 ,Long Island Icetea,2013,July,264
5,6 ,May Tai,2013,July,262
6,7 ,Zombie,2013,July,255
7,8 ,Irish Flag (alkoholisch),2013,July,214
8,9 ,'57 Chevy,2013,July,193
9,10 ,Highfly,2013,July,187
0,1 ,Sex On The Beach,2013,August,320
1,2 ,Irish Flag (alkoholisch),2013,August,316
2,3 ,Baby Aspirin,2013,August,283
3,4 ,Zombie,2013,August,274
4,5 ,Long Island Icetea,2013,August,253
5,6 ,May Tai,2013,August,248
6,7 ,Mojito original,2013,August,246
7,8 ,Caipirinha,2013,August,242
8,9 ,'57 Chevy,2013,August,202
9,10 ,Highfly,2013,August,197
0,1 ,Irish Flag (alkoholisch),2013,September,294
1,2 ,Sex On The Beach,2013,September,243
2,3 ,Baby Aspirin,2013,September,216
3,4 ,May Tai,2013,September,189
4,5 ,Zombie,2013,September,175
5,6 ,Caipirinha,2013,September,175
6,7 ,Long Island Icetea,2013,September,161
7,8 ,'57 Chevy,2013,September,146
8,9 ,Mojito original,2013,September,143
9,10 ,Highfly,2013,September,132
0,1 ,Irish Flag (alkoholisch),2013,October,429
1,2 ,Sex On The Beach,2013,October,304
2,3 ,Baby Aspirin,2013,October,250
3,4 ,May Tai,2013,October,223
4,5 ,Zombie,2013,October,221
5,6 ,Long Island Icetea,2013,October,215
6,7 ,Caipirinha,2013,October,197
7,8 ,'57 Chevy,2013,October,188
8,9 ,Highfly,2013,October,177
9,10 ,Mojito original,2013,October,176
0,1 ,Irish Flag (alkoholisch),2013,November,397
1,2 ,Sex On The Beach,2013,November,304
2,3 ,Baby Aspirin,2013,November,238
3,4 ,Zombie,2013,November,230
4,5 ,May Tai,2013,November,199
5,6 ,Long Island Icetea,2013,November,196
6,7 ,Caipirinha,2013,November,179
7,8 ,'57 Chevy,2013,November,172
8,9 ,Mojito original,2013,November,161
9,10 ,Highfly,2013,November,158
0,1 ,Irish Flag (alkoholisch),2013,December,502
1,2 ,Sex On The Beach,2013,December,291
2,3 ,Baby Aspirin,2013,December,248
3,4 ,Long Island Icetea,2013,December,229
4,5 ,May Tai,2013,December,224
5,6 ,Zombie,2013,December,205
6,7 ,Caipirinha,2013,December,201
7,8 ,Mojito original,2013,December,180
8,9 ,'57 Chevy,2013,December,165
9,10 ,Highfly,2013,December,159
0,1 ,Irish Flag (alkoholisch),2014,total,4059
1,2 ,Sex On The Beach,2014,total,2855
2,3 ,Baby Aspirin,2014,total,2472
3,4 ,Long Island Icetea,2014,total,2053
4,5 ,Caipirinha,2014,total,2038
5,6 ,Zombie,2014,total,2006
6,7 ,Mojito original,2014,total,2001
7,8 ,May Tai,2014,total,1987
8,9 ,'57 Chevy,2014,total,1738
9,10 ,Highfly,2014,total,1536
0,1 ,Wiki Waki Woo,2014,January,559
1,2 ,Irish Flag (alkoholisch),2014,January,421
2,3 ,Mojito original,2014,January,350
3,4 ,Sex On The Beach,2014,January,275
4,5 ,Baby Aspirin,2014,January,227
5,6 ,Zombie,2014,January,210
6,7 ,May Tai,2014,January,206
7,8 ,Long Island Icetea,2014,January,200
8,9 ,Caipirinha,2014,January,196
9,10 ,'57 Chevy,2014,January,169
0,1 ,Irish Flag (alkoholisch),2014,February,323
1,2 ,Sex On The Beach,2014,February,247
2,3 ,Baby Aspirin,2014,February,215
3,4 ,Long Island Icetea,2014,February,182
4,5 ,'57 Chevy,2014,February,182
5,6 ,May Tai,2014,February,175
6,7 ,Zombie,2014,February,174
7,8 ,Caipirinha,2014,February,165
8,9 ,Highfly,2014,February,152
9,10 ,Mojito original,2014,February,148
0,1 ,Irish Flag (alkoholisch),2014,March,450
1,2 ,Sex On The Beach,2014,March,274
2,3 ,Baby Aspirin,2014,March,193
3,4 ,Long Island Icetea,2014,March,191
4,5 ,Zombie,2014,March,179
5,6 ,May Tai,2014,March,172
6,7 ,Caipirinha,2014,March,166
7,8 ,Mojito original,2014,March,150
8,9 ,'57 Chevy,2014,March,149
9,10 ,Highfly,2014,March,126
0,1 ,Irish Flag (alkoholisch),2014,April,368
1,2 ,Sex On The Beach,2014,April,205
2,3 ,Baby Aspirin,2014,April,196
3,4 ,Zombie,2014,April,160
4,5 ,May Tai,2014,April,147
5,6 ,Long Island Icetea,2014,April,144
6,7 ,Mojito original,2014,April,138
7,8 ,Caipirinha,2014,April,134
8,9 ,'57 Chevy,2014,April,131
9,10 ,Highfly,2014,April,107
0,1 ,Irish Flag (alkoholisch),2014,May,387
1,2 ,Sex On The Beach,2014,May,281
2,3 ,Baby Aspirin,2014,May,227
3,4 ,Long Island Icetea,2014,May,187
4,5 ,Zombie,2014,May,179
5,6 ,Caipirinha,2014,May,176
6,7 ,May Tai,2014,May,174
7,8 ,Mojito original,2014,May,172
8,9 ,'57 Chevy,2014,May,171
9,10 ,Highfly,2014,May,142
0,1 ,Sex On The Beach,2014,June,290
1,2 ,Irish Flag (alkoholisch),2014,June,286
2,3 ,Mojito original,2014,June,234
3,4 ,Baby Aspirin,2014,June,223
4,5 ,Caipirinha,2014,June,217
5,6 ,May Tai,2014,June,204
6,7 ,Long Island Icetea,2014,June,200
7,8 ,Zombie,2014,June,193
8,9 ,'57 Chevy,2014,June,162
9,10 ,Highfly,2014,June,155
0,1 ,Irish Flag (alkoholisch),2014,July,309
1,2 ,Sex On The Beach,2014,July,267
2,3 ,Caipirinha,2014,July,245
3,4 ,Baby Aspirin,2014,July,219
4,5 ,Mojito original,2014,July,180
5,6 ,May Tai,2014,July,172
6,7 ,Long Island Icetea,2014,July,161
7,8 ,Zombie,2014,July,161
8,9 ,Highfly,2014,July,132
9,10 ,'57 Chevy,2014,July,130
0,1 ,Irish Flag (alkoholisch),2014,August,367
1,2 ,Baby Aspirin,2014,August,190
2,3 ,Sex On The Beach,2014,August,188
3,4 ,Caipirinha,2014,August,172
4,5 ,May Tai,2014,August,166
5,6 ,Zombie,2014,August,158
6,7 ,Mojito original,2014,August,152
7,8 ,Long Island Icetea,2014,August,141
8,9 ,'57 Chevy,2014,August,136
9,10 ,Highfly,2014,August,112
0,1 ,Irish Flag (alkoholisch),2014,September,295
1,2 ,Baby Aspirin,2014,September,176
2,3 ,Sex On The Beach,2014,September,165
3,4 ,Zombie,2014,September,130
4,5 ,May Tai,2014,September,122
5,6 ,Long Island Icetea,2014,September,119
6,7 ,Caipirinha,2014,September,114
7,8 ,Mojito original,2014,September,107
8,9 ,Bull Shot,2014,September,107
9,10 ,'57 Chevy,2014,September,103
0,1 ,Irish Flag (alkoholisch),2014,October,294
1,2 ,Sex On The Beach,2014,October,202
2,3 ,Baby Aspirin,2014,October,195
3,4 ,Long Island Icetea,2014,October,163
4,5 ,Caipirinha,2014,October,144
5,6 ,Mojito original,2014,October,138
6,7 ,'57 Chevy,2014,October,135
7,8 ,May Tai,2014,October,131
8,9 ,Zombie,2014,October,129
9,10 ,Highfly,2014,October,109
0,1 ,Irish Flag (alkoholisch),2014,November,289
1,2 ,Sex On The Beach,2014,November,193
2,3 ,Baby Aspirin,2014,November,174
3,4 ,Long Island Icetea,2014,November,161
4,5 ,Zombie,2014,November,141
5,6 ,May Tai,2014,November,132
6,7 ,Caipirinha,2014,November,117
7,8 ,'57 Chevy,2014,November,114
8,9 ,Highfly,2014,November,103
9,10 ,Mojito original,2014,November,99
0,1 ,Irish Flag (alkoholisch),2014,December,270
1,2 ,Sex On The Beach,2014,December,268
2,3 ,Baby Aspirin,2014,December,237
3,4 ,Long Island Icetea,2014,December,204
4,5 ,Zombie,2014,December,192
5,6 ,Caipirinha,2014,December,192
6,7 ,May Tai,2014,December,186
7,8 ,Highfly,2014,December,160
8,9 ,'57 Chevy,2014,December,156
9,10 ,Mojito original,2014,December,133
0,1 ,Sex On The Beach,2015,total,2331
1,2 ,Baby Aspirin,2015,total,2211
2,3 ,Irish Flag (alkoholisch),2015,total,1763
3,4 ,May Tai,2015,total,1762
4,5 ,Zombie,2015,total,1715
5,6 ,Long Island Icetea,2015,total,1657
6,7 ,Caipirinha,2015,total,1651
7,8 ,'57 Chevy,2015,total,1467
8,9 ,Highfly,2015,total,1455
9,10 ,Mojito original,2015,total,1417
0,1 ,Sex On The Beach,2015,January,290
1,2 ,Baby Aspirin,2015,January,242
2,3 ,Zombie,2015,January,206
3,4 ,Long Island Icetea,2015,January,196
4,5 ,Caipirinha,2015,January,196
5,6 ,May Tai,2015,January,189
6,7 ,Irish Flag (alkoholisch),2015,January,182
7,8 ,'57 Chevy,2015,January,170
8,9 ,Highfly,2015,January,160
9,10 ,Mojito original,2015,January,140
0,1 ,Sex On The Beach,2015,February,253
1,2 ,Baby Aspirin,2015,February,211
2,3 ,May Tai,2015,February,171
3,4 ,Long Island Icetea,2015,February,162
4,5 ,Caipirinha,2015,February,155
5,6 ,Zombie,2015,February,154
6,7 ,'57 Chevy,2015,February,141
7,8 ,Irish Flag (alkoholisch),2015,February,125
8,9 ,Mojito original,2015,February,124
9,10 ,Highfly,2015,February,118
0,1 ,Baby Aspirin,2015,March,215
1,2 ,Sex On The Beach,2015,March,197
2,3 ,May Tai,2015,March,153
3,4 ,Long Island Icetea,2015,March,143
4,5 ,'57 Chevy,2015,March,143
5,6 ,Zombie,2015,March,142
6,7 ,Irish Flag (alkoholisch),2015,March,140
7,8 ,Caipirinha,2015,March,129
8,9 ,Highfly,2015,March,124
9,10 ,Mojito original,2015,March,109
0,1 ,Sex On The Beach,2015,April,180
1,2 ,Baby Aspirin,2015,April,173
2,3 ,Caipirinha,2015,April,143
3,4 ,May Tai,2015,April,136
4,5 ,Zombie,2015,April,131
5,6 ,Long Island Icetea,2015,April,124
6,7 ,'57 Chevy,2015,April,123
7,8 ,Highfly,2015,April,115
8,9 ,Irish Flag (alkoholisch),2015,April,113
9,10 ,Mojito original,2015,April,109
0,1 ,Sex On The Beach,2015,May,200
1,2 ,Baby Aspirin,2015,May,184
2,3 ,May Tai,2015,May,155
3,4 ,Zombie,2015,May,153
4,5 ,Mojito original,2015,May,133
5,6 ,'57 Chevy,2015,May,132
6,7 ,Long Island Icetea,2015,May,130
7,8 ,Caipirinha,2015,May,129
8,9 ,Highfly,2015,May,127
9,10 ,Irish Flag (alkoholisch),2015,May,105
0,1 ,Baby Aspirin,2015,June,182
1,2 ,Sex On The Beach,2015,June,171
2,3 ,Caipirinha,2015,June,151
3,4 ,Long Island Icetea,2015,June,148
4,5 ,Mojito original,2015,June,147
5,6 ,Zombie,2015,June,145
6,7 ,May Tai,2015,June,133
7,8 ,Highfly,2015,June,116
8,9 ,'57 Chevy,2015,June,113
9,10 ,Irish Flag (alkoholisch),2015,June,108
0,1 ,Sex On The Beach,2015,July,252
1,2 ,Baby Aspirin,2015,July,212
2,3 ,May Tai,2015,July,170
3,4 ,Caipirinha,2015,July,168
4,5 ,Zombie,2015,July,163
5,6 ,Long Island Icetea,2015,July,155
6,7 ,Highfly,2015,July,142
7,8 ,Mojito original,2015,July,136
8,9 ,'57 Chevy,2015,July,134
9,10 ,Irish Flag (alkoholisch),2015,July,120
0,1 ,Baby Aspirin,2015,August,184
1,2 ,Sex On The Beach,2015,August,180
2,3 ,May Tai,2015,August,158
3,4 ,Zombie,2015,August,152
4,5 ,Caipirinha,2015,August,137
5,6 ,Highfly,2015,August,129
6,7 ,Long Island Icetea,2015,August,120
7,8 ,Mojito original,2015,August,117
8,9 ,Wild Russian,2015,August,115
9,10 ,'57 Chevy,2015,August,108
0,1 ,Baby Aspirin,2015,September,140
1,2 ,Irish Flag (alkoholisch),2015,September,130
2,3 ,Sex On The Beach,2015,September,116
3,4 ,Zombie,2015,September,106
4,5 ,Bull Shot,2015,September,102
5,6 ,Highfly,2015,September,101
6,7 ,May Tai,2015,September,99
7,8 ,Long Island Icetea,2015,September,94
8,9 ,'57 Chevy,2015,September,94
9,10 ,Caipirinha,2015,September,85
0,1 ,Sex On The Beach,2015,October,156
1,2 ,Caipiroska Fragola,2015,October,152
2,3 ,Baby Aspirin,2015,October,149
3,4 ,Irish Flag (alkoholisch),2015,October,138
4,5 ,Bull Shot,2015,October,127
5,6 ,Asti Pink,2015,October,126
6,7 ,Bitter Sweet (Aperitif),2015,October,124
7,8 ,Bamboo (Aperitif),2015,October,123
8,9 ,May Tai,2015,October,122
9,10 ,Caipirinha,2015,October,119
0,1 ,Irish Flag (alkoholisch),2015,November,199
1,2 ,Sex On The Beach,2015,November,156
2,3 ,Baby Aspirin,2015,November,144
3,4 ,Long Island Icetea,2015,November,139
4,5 ,May Tai,2015,November,130
5,6 ,Bull Shot,2015,November,122
6,7 ,Zombie,2015,November,110
7,8 ,Highfly,2015,November,102
8,9 ,Caipirinha,2015,November,100
9,10 ,'57 Chevy,2015,November,100
0,1 ,Irish Flag (alkoholisch),2015,December,303
1,2 ,Wild Russian,2015,December,235
2,3 ,Sex On The Beach,2015,December,180
3,4 ,Baby Aspirin,2015,December,175
4,5 ,May Tai,2015,December,146
5,6 ,Zombie,2015,December,145
6,7 ,Caipirinha,2015,December,139
7,8 ,Long Island Icetea,2015,December,135
8,9 ,Bull Shot,2015,December,128
9,10 ,Mojito original,2015,December,125
0,1 ,Irish Flag (alkoholisch),2016,total,3029
1,2 ,Baby Aspirin,2016,total,1522
2,3 ,Sex On The Beach,2016,total,1482
3,4 ,Caipirinha,2016,total,1224
4,5 ,Zombie,2016,total,1140
5,6 ,Long Island Icetea,2016,total,1122
6,7 ,May Tai,2016,total,1111
7,8 ,'57 Chevy,2016,total,1036
8,9 ,Highfly,2016,total,1017
9,10 ,Mojito original,2016,total,984
0,1 ,Irish Flag (alkoholisch),2016,January,230
1,2 ,Baby Aspirin,2016,January,186
2,3 ,Sex On The Beach,2016,January,166
3,4 ,Caipirinha,2016,January,146
4,5 ,May Tai,2016,January,143
5,6 ,Zombie,2016,January,141
6,7 ,Wild Russian,2016,January,132
7,8 ,Highfly,2016,January,130
8,9 ,Mojito original,2016,January,128
9,10 ,'57 Chevy,2016,January,117
0,1 ,Irish Flag (alkoholisch),2016,February,236
1,2 ,Sex On The Beach,2016,February,130
2,3 ,Baby Aspirin,2016,February,128
3,4 ,Caipirinha,2016,February,118
4,5 ,May Tai,2016,February,116
5,6 ,Wild Russian,2016,February,115
6,7 ,Long Island Icetea,2016,February,112
7,8 ,Zombie,2016,February,111
8,9 ,Highfly,2016,February,102
9,10 ,Mojito original,2016,February,101
0,1 ,Irish Flag (alkoholisch),2016,March,355
1,2 ,Sex On The Beach,2016,March,135
2,3 ,Baby Aspirin,2016,March,133
3,4 ,Caipirinha,2016,March,94
4,5 ,Bull Shot,2016,March,94
5,6 ,Zombie,2016,March,89
6,7 ,May Tai,2016,March,89
7,8 ,Highfly,2016,March,89
8,9 ,Mojito original,2016,March,87
9,10 ,Long Island Icetea,2016,March,86
0,1 ,Irish Flag (alkoholisch),2016,April,221
1,2 ,Sex On The Beach,2016,April,112
2,3 ,Baby Aspirin,2016,April,112
3,4 ,Caipirinha,2016,April,94
4,5 ,Zombie,2016,April,88
5,6 ,May Tai,2016,April,88
6,7 ,Long Island Icetea,2016,April,87
7,8 ,'57 Chevy,2016,April,83
8,9 ,Bull Shot,2016,April,80
9,10 ,Wild Russian,2016,April,79
0,1 ,Irish Flag (alkoholisch),2016,May,201
1,2 ,Sex On The Beach,2016,May,108
2,3 ,Baby Aspirin,2016,May,105
3,4 ,Caipirinha,2016,May,94
4,5 ,Bull Shot,2016,May,83
5,6 ,Long Island Icetea,2016,May,82
6,7 ,May Tai,2016,May,77
7,8 ,Zombie,2016,May,74
8,9 ,Mojito original,2016,May,72
9,10 ,'57 Chevy,2016,May,68
0,1 ,Irish Flag (alkoholisch),2016,June,216
1,2 ,Baby Aspirin,2016,June,187
2,3 ,911 Targa,2016,June,147
3,4 ,1103,2016,June,144
4,5 ,After Eight,2016,June,140
5,6 ,Caipirinha,2016,June,134
6,7 ,Bull Shot,2016,June,134
7,8 ,A Day At The Beach,2016,June,133
8,9 ,77 Sunset Strip,2016,June,132
9,10 ,Absinth,2016,June,132
0,1 ,Irish Flag (alkoholisch),2016,July,199
1,2 ,Baby Aspirin,2016,July,131
2,3 ,Sex On The Beach,2016,July,130
3,4 ,Caipirinha,2016,July,106
4,5 ,Long Island Icetea,2016,July,102
5,6 ,Highfly,2016,July,99
6,7 ,'57 Chevy,2016,July,98
7,8 ,Zombie,2016,July,97
8,9 ,Bull Shot,2016,July,97
9,10 ,Pina Colada,2016,July,90
0,1 ,Irish Flag (alkoholisch),2016,August,161
1,2 ,Caipirinha,2016,August,115
2,3 ,Sex On The Beach,2016,August,114
3,4 ,Baby Aspirin,2016,August,101
4,5 ,Aperol sour,2016,August,94
5,6 ,Bull Shot,2016,August,88
6,7 ,Zombie,2016,August,85
7,8 ,May Tai,2016,August,81
8,9 ,Mojito original,2016,August,80
9,10 ,Long Island Icetea,2016,August,79
0,1 ,Irish Flag (alkoholisch),2016,September,193
1,2 ,Sex On The Beach,2016,September,119
2,3 ,Baby Aspirin,2016,September,108
3,4 ,Long Island Icetea,2016,September,107
4,5 ,Zombie,2016,September,91
5,6 ,'57 Chevy,2016,September,85
6,7 ,Caipirinha,2016,September,84
7,8 ,May Tai,2016,September,79
8,9 ,Highfly,2016,September,75
9,10 ,Destroyer,2016,September,66
0,1 ,Irish Flag (alkoholisch),2016,October,283
1,2 ,Baby Aspirin,2016,October,107
2,3 ,'57 Chevy,2016,October,100
3,4 ,Sex On The Beach,2016,October,94
4,5 ,May Tai,2016,October,86
5,6 ,Zombie,2016,October,85
6,7 ,Long Island Icetea,2016,October,83
7,8 ,Omas offenes Bein,2016,October,73
8,9 ,Caipirinha,2016,October,70
9,10 ,Destroyer,2016,October,68
0,1 ,Irish Flag (alkoholisch),2016,November,264
1,2 ,Sex On The Beach,2016,November,110
2,3 ,Baby Aspirin,2016,November,101
3,4 ,Long Island Icetea,2016,November,77
4,5 ,Zombie,2016,November,74
5,6 ,Caipirinha,2016,November,70
6,7 ,Wild Russian,2016,November,66
7,8 ,'57 Chevy,2016,November,66
8,9 ,May Tai,2016,November,66
9,10 ,Destroyer,2016,November,65
0,1 ,Irish Flag (alkoholisch),2016,December,470
1,2 ,Sex On The Beach,2016,December,143
2,3 ,Baby Aspirin,2016,December,123
3,4 ,May Tai,2016,December,108
4,5 ,Zombie,2016,December,107
5,6 ,Long Island Icetea,2016,December,104
6,7 ,Caipirinha,2016,December,99
7,8 ,'57 Chevy,2016,December,91
8,9 ,Highfly,2016,December,87
9,10 ,Mojito original,2016,December,80
0,1 ,Irish Flag (alkoholisch),2017,total,4513
1,2 ,Baby Aspirin,2017,total,1086
2,3 ,Sex On The Beach,2017,total,1030
3,4 ,'57 Chevy,2017,total,918
4,5 ,May Tai,2017,total,894
5,6 ,Caipirinha,2017,total,857
6,7 ,Long Island Icetea,2017,total,841
7,8 ,Zombie,2017,total,797
8,9 ,Mojito original,2017,total,750
9,10 ,Highfly,2017,total,726
0,1 ,Irish Flag (alkoholisch),2017,January,370
1,2 ,Sex On The Beach,2017,January,97
2,3 ,Baby Aspirin,2017,January,97
3,4 ,Highfly,2017,January,78
4,5 ,Long Island Icetea,2017,January,75
5,6 ,'57 Chevy,2017,January,74
6,7 ,Zombie,2017,January,73
7,8 ,Destroyer,2017,January,69
8,9 ,Caipirinha,2017,January,66
9,10 ,Wild Russian,2017,January,61
0,1 ,Irish Flag (alkoholisch),2017,February,342
1,2 ,Sex On The Beach,2017,February,109
2,3 ,Baby Aspirin,2017,February,101
3,4 ,Long Island Icetea,2017,February,95
4,5 ,May Tai,2017,February,95
5,6 ,Mojito original,2017,February,86
6,7 ,Caipirinha,2017,February,82
7,8 ,Zombie,2017,February,78
8,9 ,Highfly,2017,February,78
9,10 ,'57 Chevy,2017,February,69
0,1 ,Irish Flag (alkoholisch),2017,March,608
1,2 ,Baby Aspirin,2017,March,145
2,3 ,Sex On The Beach,2017,March,129
3,4 ,May Tai,2017,March,127
4,5 ,Long Island Icetea,2017,March,94
5,6 ,Zombie,2017,March,93
6,7 ,Caipirinha,2017,March,93
7,8 ,'57 Chevy,2017,March,88
8,9 ,Highfly,2017,March,85
9,10 ,James Bond Martini,2017,March,81
0,1 ,Irish Flag (alkoholisch),2017,April,355
1,2 ,Baby Aspirin,2017,April,102
2,3 ,Sex On The Beach,2017,April,92
3,4 ,May Tai,2017,April,90
4,5 ,Moscow Mule 2,2017,April,87
5,6 ,'57 Chevy,2017,April,75
6,7 ,London Fog,2017,April,74
7,8 ,Caipirinha,2017,April,74
8,9 ,Mojito original,2017,April,72
9,10 ,Highfly,2017,April,67
0,1 ,Irish Flag (alkoholisch),2017,May,294
1,2 ,Fire Bomb,2017,May,267
2,3 ,Baby Aspirin,2017,May,102
3,4 ,Sex On The Beach,2017,May,87
4,5 ,Caipirinha,2017,May,86
5,6 ,'57 Chevy,2017,May,81
6,7 ,May Tai,2017,May,76
7,8 ,Highfly,2017,May,71
8,9 ,Long Island Icetea,2017,May,68
9,10 ,Zombie,2017,May,68
0,1 ,Irish Flag (alkoholisch),2017,June,326
1,2 ,Sex On The Beach,2017,June,86
2,3 ,Baby Aspirin,2017,June,82
3,4 ,Caipirinha,2017,June,81
4,5 ,May Tai,2017,June,75
5,6 ,Mojito original,2017,June,72
6,7 ,Long Island Icetea,2017,June,69
7,8 ,Zombie,2017,June,66
8,9 ,'57 Chevy,2017,June,63
9,10 ,Highfly,2017,June,60
0,1 ,Irish Flag (alkoholisch),2017,July,297
1,2 ,'57 Chevy,2017,July,89
2,3 ,Baby Aspirin,2017,July,71
3,4 ,Caipirinha,2017,July,71
4,5 ,Sex On The Beach,2017,July,68
5,6 ,May Tai,2017,July,66
6,7 ,Mojito original,2017,July,63
7,8 ,Long Island Icetea,2017,July,57
8,9 ,Zombie,2017,July,52
9,10 ,Destroyer,2017,July,47
0,1 ,Irish Flag (alkoholisch),2017,August,306
1,2 ,'57 Chevy,2017,August,88
2,3 ,Sex On The Beach,2017,August,73
3,4 ,Baby Aspirin,2017,August,67
4,5 ,May Tai,2017,August,64
5,6 ,Caipirinha,2017,August,60
6,7 ,Long Island Icetea,2017,August,59
7,8 ,Mojito original,2017,August,57
8,9 ,Destroyer,2017,August,55
9,10 ,Zombie,2017,August,52
0,1 ,Irish Flag (alkoholisch),2017,September,355
1,2 ,'57 Chevy,2017,September,76
2,3 ,Baby Aspirin,2017,September,72
3,4 ,Sex On The Beach,2017,September,66
4,5 ,Long Island Icetea,2017,September,64
5,6 ,Zombie,2017,September,59
6,7 ,Mojito original,2017,September,58
7,8 ,May Tai,2017,September,51
8,9 ,Highfly,2017,September,49
9,10 ,Caipirinha,2017,September,47
0,1 ,Irish Flag (alkoholisch),2017,October,382
1,2 ,'57 Chevy,2017,October,89
2,3 ,Sex On The Beach,2017,October,83
3,4 ,Baby Aspirin,2017,October,83
4,5 ,May Tai,2017,October,71
5,6 ,Caipirinha,2017,October,67
6,7 ,Long Island Icetea,2017,October,62
7,8 ,Highfly,2017,October,61
8,9 ,Zombie,2017,October,60
9,10 ,Mojito original,2017,October,55
0,1 ,Irish Flag (alkoholisch),2017,November,346
1,2 ,Baby Aspirin,2017,November,90
2,3 ,Long Island Icetea,2017,November,72
3,4 ,'57 Chevy,2017,November,69
4,5 ,Caipirinha,2017,November,67
5,6 ,Sex On The Beach,2017,November,66
6,7 ,Zombie,2017,November,66
7,8 ,May Tai,2017,November,52
8,9 ,Mojito original,2017,November,49
9,10 ,Boston Cooler,2017,November,41
0,1 ,Irish Flag (alkoholisch),2017,December,532
1,2 ,Whiskey Sour,2017,December,77
2,3 ,Sex On The Beach,2017,December,74
3,4 ,Baby Aspirin,2017,December,74
4,5 ,May Tai,2017,December,71
5,6 ,Long Island Icetea,2017,December,65
6,7 ,Zombie,2017,December,64
7,8 ,Caipirinha,2017,December,63
8,9 ,Destroyer,2017,December,61
9,10 ,A B V,2017,December,58
0,1 ,Irish Flag (alkoholisch),2018,total,3904
1,2 ,Baby Aspirin,2018,total,812
2,3 ,Caipirinha,2018,total,796
3,4 ,Sex On The Beach,2018,total,772
4,5 ,May Tai,2018,total,756
5,6 ,'57 Chevy,2018,total,704
6,7 ,Long Island Icetea,2018,total,672
7,8 ,Zombie,2018,total,671
8,9 ,Mojito original,2018,total,659
9,10 ,Destroyer,2018,total,613
0,1 ,Irish Flag (alkoholisch),2018,January,383
1,2 ,Baby Aspirin,2018,January,84
2,3 ,'57 Chevy,2018,January,79
3,4 ,Long Island Icetea,2018,January,76
4,5 ,Sex On The Beach,2018,January,74
5,6 ,Caipirinha,2018,January,68
6,7 ,Mojito original,2018,January,61
7,8 ,May Tai,2018,January,61
8,9 ,Zombie,2018,January,59
9,10 ,Whiskey Sour,2018,January,56
0,1 ,Irish Flag (alkoholisch),2018,February,418
1,2 ,Baby Aspirin,2018,February,105
2,3 ,Sex On The Beach,2018,February,104
3,4 ,'57 Chevy,2018,February,96
4,5 ,Caipirinha,2018,February,91
5,6 ,May Tai,2018,February,90
6,7 ,Long Island Icetea,2018,February,89
7,8 ,Highfly,2018,February,81
8,9 ,Zombie,2018,February,79
9,10 ,Mojito original,2018,February,73
0,1 ,Irish Flag (alkoholisch),2018,March,520
1,2 ,'57 Chevy,2018,March,94
2,3 ,Zombie,2018,March,93
3,4 ,Baby Aspirin,2018,March,93
4,5 ,Sex On The Beach,2018,March,91
5,6 ,Alexander,2018,March,90
6,7 ,May Tai,2018,March,89
7,8 ,Caipirinha,2018,March,86
8,9 ,Mojito original,2018,March,83
9,10 ,Highfly,2018,March,77
0,1 ,Irish Flag (alkoholisch),2018,April,293
1,2 ,Caipirinha,2018,April,84
2,3 ,'57 Chevy,2018,April,81
3,4 ,Sex On The Beach,2018,April,78
4,5 ,Baby Aspirin,2018,April,72
5,6 ,May Tai,2018,April,69
6,7 ,Long Island Icetea,2018,April,65
7,8 ,Zombie,2018,April,65
8,9 ,Absinth,2018,April,65
9,10 ,Highfly,2018,April,62
0,1 ,Irish Flag (alkoholisch),2018,May,196
1,2 ,Sex On The Beach,2018,May,65
2,3 ,Baby Aspirin,2018,May,63
3,4 ,Zombie,2018,May,60
4,5 ,Caipirinha,2018,May,57
5,6 ,Mojito original,2018,May,55
6,7 ,May Tai,2018,May,54
7,8 ,Long Island Icetea,2018,May,53
8,9 ,Highfly,2018,May,47
9,10 ,'57 Chevy,2018,May,42
0,1 ,Irish Flag (alkoholisch),2018,June,210
1,2 ,"Pina Colada ""real""",2018,June,188
2,3 ,Snowball Fizz,2018,June,162
3,4 ,Evilsch,2018,June,125
4,5 ,Hot Whiskey Toddy,2018,June,116
5,6 ,Feuerzangenbowle,2018,June,112
6,7 ,B and B,2018,June,111
7,8 ,Gin-n-Fruit,2018,June,111
8,9 ,Gine And Tonic,2018,June,109
9,10 ,Talos Green,2018,June,103
0,1 ,Irish Flag (alkoholisch),2018,July,237
1,2 ,Di Amore Dream,2018,July,118
2,3 ,Whiskey Sour,2018,July,62
3,4 ,Caipirinha,2018,July,61
4,5 ,Baby Aspirin,2018,July,60
5,6 ,May Tai,2018,July,58
6,7 ,Mojito original,2018,July,56
7,8 ,Bull Shot,2018,July,55
8,9 ,Sex On The Beach,2018,July,54
9,10 ,Zombie,2018,July,48
0,1 ,Irish Flag (alkoholisch),2018,August,254
1,2 ,Birnenaperitif,2018,August,153
2,3 ,911 Targa,2018,August,120
3,4 ,Kir Framboise,2018,August,117
4,5 ,Gin Alexander,2018,August,106
5,6 ,Queen Of Scots,2018,August,91
6,7 ,Apricot Sour,2018,August,90
7,8 ,Traffic Light Cooler,2018,August,82
8,9 ,Manhattan medium 2,2018,August,81
9,10 ,Russian Bear Cocktail,2018,August,80
0,1 ,Irish Flag (alkoholisch),2018,September,334
1,2 ,A B V,2018,September,45
2,3 ,Caipirinha,2018,September,44
3,4 ,Sex On The Beach,2018,September,43
4,5 ,Boston Cooler,2018,September,43
5,6 ,May Tai,2018,September,42
6,7 ,Baby Aspirin,2018,September,41
7,8 ,JÃ¤ger Ace,2018,September,40
8,9 ,Blueberry Martini,2018,September,40
9,10 ,Twin Hills,2018,September,40
0,1 ,Irish Flag (alkoholisch),2018,October,434
1,2 ,Destroyer,2018,October,68
2,3 ,Speed King,2018,October,53
3,4 ,Baby Aspirin,2018,October,51
4,5 ,Caipirinha,2018,October,51
5,6 ,Omas offenes Bein,2018,October,44
6,7 ,Mojito original,2018,October,43
7,8 ,Sex On The Beach,2018,October,41
8,9 ,May Tai,2018,October,40
9,10 ,Boston Cooler,2018,October,38
0,1 ,Irish Flag (alkoholisch),2018,November,306
1,2 ,Destroyer,2018,November,91
2,3 ,Speed King,2018,November,72
3,4 ,Sex On The Beach,2018,November,60
4,5 ,Baby Aspirin,2018,November,58
5,6 ,Caipirinha,2018,November,53
6,7 ,Zombie,2018,November,51
7,8 ,May Tai,2018,November,51
8,9 ,Long Island Icetea,2018,November,50
9,10 ,'57 Chevy,2018,November,50
0,1 ,Irish Flag (alkoholisch),2018,December,319
1,2 ,Speed King,2018,December,94
2,3 ,Destroyer,2018,December,90
3,4 ,Caipirinha,2018,December,71
4,5 ,Long Island Icetea,2018,December,59
5,6 ,May Tai,2018,December,57
6,7 ,Sex On The Beach,2018,December,56
7,8 ,'57 Chevy,2018,December,56
8,9 ,Baby Aspirin,2018,December,54
9,10 ,Mojito original,2018,December,48
0,1 ,Irish Flag (alkoholisch),2019,total,927
1,2 ,Destroyer,2019,total,649
2,3 ,Speed King,2019,total,462
3,4 ,Baby Aspirin,2019,total,361
4,5 ,Caipirinha,2019,total,360
5,6 ,Omas offenes Bein,2019,total,352
6,7 ,Sex On The Beach,2019,total,330
7,8 ,Long Island Icetea,2019,total,329
8,9 ,May Tai,2019,total,320
9,10 ,Mojito original,2019,total,306
0,1 ,Irish Flag (alkoholisch),2019,January,219
1,2 ,Speed King,2019,January,79
2,3 ,Baby Aspirin,2019,January,66
3,4 ,Destroyer,2019,January,64
4,5 ,May Tai,2019,January,59
5,6 ,Mojito original,2019,January,55
6,7 ,Long Island Icetea,2019,January,54
7,8 ,Caipirinha,2019,January,53
8,9 ,Zombie,2019,January,52
9,10 ,Sex On The Beach,2019,January,50
0,1 ,Irish Flag (alkoholisch),2019,February,167
1,2 ,Baby Aspirin,2019,February,67
2,3 ,Destroyer,2019,February,63
3,4 ,Speed King,2019,February,61
4,5 ,Highfly,2019,February,59
5,6 ,Caipirinha,2019,February,51
6,7 ,Sex On The Beach,2019,February,46
7,8 ,Long Island Icetea,2019,February,46
8,9 ,Schwanzlsturzer,2019,February,45
9,10 ,Omas offenes Bein,2019,February,44
0,1 ,Irish Flag (alkoholisch),2019,March,149
1,2 ,Destroyer,2019,March,95
2,3 ,Speed King,2019,March,60
3,4 ,Omas offenes Bein,2019,March,54
4,5 ,Baby Aspirin,2019,March,52
5,6 ,Caipirinha,2019,March,52
6,7 ,Long Island Icetea,2019,March,48
7,8 ,Highfly,2019,March,48
8,9 ,May Tai,2019,March,45
9,10 ,Sex On The Beach,2019,March,43
0,1 ,Irish Flag (alkoholisch),2019,April,109
1,2 ,Destroyer,2019,April,93
2,3 ,Speed King,2019,April,75
3,4 ,Omas offenes Bein,2019,April,63
4,5 ,Caipirinha,2019,April,60
5,6 ,Sex On The Beach,2019,April,50
6,7 ,Baby Aspirin,2019,April,49
7,8 ,May Tai,2019,April,47
8,9 ,Schwanzlsturzer,2019,April,46
9,10 ,Boston Cooler,2019,April,44
0,1 ,Destroyer,2019,May,114
1,2 ,Irish Flag (alkoholisch),2019,May,108
2,3 ,Speed King,2019,May,66
3,4 ,Schwanzlsturzer,2019,May,49
4,5 ,Baby Aspirin,2019,May,47
5,6 ,May Tai,2019,May,46
6,7 ,Long Island Icetea,2019,May,43
7,8 ,Sex On The Beach,2019,May,42
8,9 ,Mojito original,2019,May,42
9,10 ,Caipirinha,2019,May,41
0,1 ,Destroyer,2019,June,112
1,2 ,Irish Flag (alkoholisch),2019,June,97
2,3 ,Speed King,2019,June,69
3,4 ,Omas offenes Bein,2019,June,66
4,5 ,Sex On The Beach,2019,June,58
5,6 ,Schwanzlsturzer,2019,June,58
6,7 ,White Russian (der Echte!),2019,June,53
7,8 ,Caipirinha,2019,June,51
8,9 ,Bavorak,2019,June,51
9,10 ,Long Island Icetea,2019,June,50
0,1 ,Destroyer,2019,July,143
1,2 ,Irish Flag (alkoholisch),2019,July,90
2,3 ,Speed King,2019,July,73
3,4 ,Caipirinha,2019,July,66
4,5 ,Baby Aspirin,2019,July,58
5,6 ,Long Island Icetea,2019,July,54
6,7 ,Mojito original,2019,July,53
7,8 ,Schwanzlsturzer,2019,July,52
8,9 ,Sex On The Beach,2019,July,48
9,10 ,Boston Cooler,2019,July,46
0,1 ,'57 Chevy,2019,August,18
1,2 ,Irish Flag (alkoholisch),2019,August,18
2,3 ,Long Island Icetea,2019,August,17
3,4 ,May Tai,2019,August,17
4,5 ,Caipirinha,2019,August,15
5,6 ,Destroyer,2019,August,15
6,7 ,Mojito original,2019,August,13
7,8 ,Baby Aspirin,2019,August,12
8,9 ,Whiskey Sour,2019,August,11
9,10 ,Martini dry,2019,August,10
0,1 ,Destroyer,2019,September,91
1,2 ,Speed King,2019,September,61
2,3 ,Irish Flag (alkoholisch),2019,September,46
3,4 ,Sex On The Beach,2019,September,39
4,5 ,Caipirinha,2019,September,38
5,6 ,Bavorak,2019,September,35
6,7 ,Long Island Icetea,2019,September,33
7,8 ,Whiskey Sour 2,2019,September,32
8,9 ,Baby Aspirin,2019,September,31
9,10 ,Wiki Waki Woo,2019,September,31
0,1 ,Destroyer,2019,October,91
1,2 ,Speed King,2019,October,67
2,3 ,Sex On The Beach,2019,October,52
3,4 ,Irish Flag (alkoholisch),2019,October,50
4,5 ,Schwanzlsturzer,2019,October,47
5,6 ,Baby Aspirin,2019,October,40
6,7 ,May Tai,2019,October,39
7,8 ,Zombie,2019,October,37
8,9 ,Caipirinha,2019,October,37
9,10 ,Highfly,2019,October,34
0,1 ,Destroyer,2019,November,116
1,2 ,Schwanzlsturzer,2019,November,84
2,3 ,Irish Flag (alkoholisch),2019,November,74
3,4 ,Speed King,2019,November,63
4,5 ,Baby Aspirin,2019,November,52
5,6 ,'57 Chevy,2019,November,41
6,7 ,Sex On The Beach,2019,November,40
7,8 ,Long Island Icetea,2019,November,38
8,9 ,May Tai,2019,November,33
9,10 ,Caipirinha,2019,November,32
0,1 ,Destroyer,2019,December,144
1,2 ,Speed King,2019,December,95
2,3 ,Schwanzlsturzer,2019,December,59
3,4 ,Irish Flag (alkoholisch),2019,December,56
4,5 ,Sex On The Beach,2019,December,54
5,6 ,Bavorak,2019,December,51
6,7 ,Baby Aspirin,2019,December,45
7,8 ,Aperol sour,2019,December,44
8,9 ,Omas offenes Bein,2019,December,43
9,10 ,Zombie,2019,December,41
0,1 ,Destroyer,2020,total,987
1,2 ,Baby Aspirin,2020,total,673
2,3 ,Speed King,2020,total,641
3,4 ,Sex On The Beach,2020,total,641
4,5 ,Irish Flag (alkoholisch),2020,total,555
5,6 ,Schwanzlsturzer,2020,total,516
6,7 ,Long Island Icetea,2020,total,466
7,8 ,Omas offenes Bein,2020,total,449
8,9 ,Caipirinha,2020,total,449
9,10 ,'57 Chevy,2020,total,443
0,1 ,Destroyer,2020,January,121
1,2 ,Irish Flag (alkoholisch),2020,January,87
2,3 ,Baby Aspirin,2020,January,80
3,4 ,Speed King,2020,January,74
4,5 ,Sex On The Beach,2020,January,69
5,6 ,Bavorak,2020,January,67
6,7 ,Schwanzlsturzer,2020,January,64
7,8 ,Long Island Icetea,2020,January,54
8,9 ,Omas offenes Bein,2020,January,51
9,10 ,Caipirinha,2020,January,49
0,1 ,Destroyer,2020,February,80
1,2 ,Speed King,2020,February,53
2,3 ,Sex On The Beach,2020,February,39
3,4 ,Irish Flag (alkoholisch),2020,February,37
4,5 ,Baby Aspirin,2020,February,36
5,6 ,Long Island Icetea,2020,February,34
6,7 ,Highfly,2020,February,30
7,8 ,Schwanzlsturzer,2020,February,30
8,9 ,'57 Chevy,2020,February,30
9,10 ,Mojito original,2020,February,29
0,1 ,Destroyer,2020,March,78
1,2 ,Baby Aspirin,2020,March,75
2,3 ,Sex On The Beach,2020,March,66
3,4 ,Speed King,2020,March,58
4,5 ,Irish Flag (alkoholisch),2020,March,55
5,6 ,Alexander 2,2020,March,54
6,7 ,Mojito original,2020,March,51
7,8 ,Zombie,2020,March,50
8,9 ,Caipirinha,2020,March,50
9,10 ,Long Island Icetea,2020,March,49
0,1 ,Baby Aspirin,2020,April,66
1,2 ,Destroyer,2020,April,65
2,3 ,Sex On The Beach,2020,April,59
3,4 ,Speed King,2020,April,52
4,5 ,'57 Chevy,2020,April,52
5,6 ,Long Island Icetea,2020,April,52
6,7 ,Caipirinha,2020,April,51
7,8 ,May Tai,2020,April,49
8,9 ,Zombie,2020,April,47
9,10 ,Wiki Waki Woo,2020,April,41
0,1 ,Destroyer,2020,May,66
1,2 ,Baby Aspirin,2020,May,56
2,3 ,Sex On The Beach,2020,May,46
3,4 ,Schwanzlsturzer,2020,May,38
4,5 ,Irish Flag (alkoholisch),2020,May,36
5,6 ,Mojito original,2020,May,34
6,7 ,Lady Finger,2020,May,33
7,8 ,Long Island Icetea,2020,May,33
8,9 ,May Tai,2020,May,33
9,10 ,Merlin,2020,May,32
0,1 ,Destroyer,2020,June,65
1,2 ,Sex On The Beach,2020,June,51
2,3 ,Baby Aspirin,2020,June,48
3,4 ,May Tai,2020,June,39
4,5 ,Mojito original,2020,June,36
5,6 ,'57 Chevy,2020,June,34
6,7 ,Caipirinha,2020,June,34
7,8 ,Irish Flag (alkoholisch),2020,June,33
8,9 ,Speed King,2020,June,31
9,10 ,Omas offenes Bein,2020,June,30
0,1 ,Baby Aspirin,2020,July,79
1,2 ,Omas offenes Bein,2020,July,66
2,3 ,Sex On The Beach,2020,July,66
3,4 ,Destroyer,2020,July,64
4,5 ,Irish Flag (alkoholisch),2020,July,61
5,6 ,Caipirinha,2020,July,60
6,7 ,Long Island Icetea,2020,July,50
7,8 ,Speed King,2020,July,49
8,9 ,Zombie,2020,July,48
9,10 ,'57 Chevy,2020,July,48
0,1 ,Destroyer,2020,August,37
1,2 ,Baby Aspirin,2020,August,34
2,3 ,Speed King,2020,August,33
3,4 ,Omas offenes Bein,2020,August,30
4,5 ,Bavorak,2020,August,28
5,6 ,Irish Flag (alkoholisch),2020,August,26
6,7 ,Caipirinha,2020,August,26
7,8 ,Schwanzlsturzer,2020,August,25
8,9 ,Long Island Icetea,2020,August,23
9,10 ,Wiki Waki Woo,2020,August,22
0,1 ,Destroyer,2020,September,99
1,2 ,Schwanzlsturzer,2020,September,62
2,3 ,Baby Aspirin,2020,September,49
3,4 ,Bavorak,2020,September,49
4,5 ,Sex On The Beach,2020,September,39
5,6 ,Pangalaktischer Donnergurgler,2020,September,38
6,7 ,Froschmilch,2020,September,37
7,8 ,Frensh 75 (CDrink),2020,September,37
8,9 ,Speed King,2020,September,37
9,10 ,Dream Cocktail,2020,September,31
0,1 ,Destroyer,2020,October,121
1,2 ,Speed King,2020,October,76
2,3 ,Sex On The Beach,2020,October,70
3,4 ,Omas offenes Bein,2020,October,63
4,5 ,Schwanzlsturzer,2020,October,63
5,6 ,Baby Aspirin,2020,October,61
6,7 ,Irish Flag (alkoholisch),2020,October,56
7,8 ,Caipirinha,2020,October,52
8,9 ,Mojito original,2020,October,47
9,10 ,Long Island Icetea,2020,October,44
0,1 ,Destroyer,2020,November,109
1,2 ,Speed King,2020,November,78
2,3 ,Schwanzlsturzer,2020,November,60
3,4 ,Bavorak,2020,November,49
4,5 ,Sex On The Beach,2020,November,49
5,6 ,Irish Flag (alkoholisch),2020,November,47
6,7 ,Baby Aspirin,2020,November,47
7,8 ,May Tai,2020,November,39
8,9 ,'57 Chevy,2020,November,39
9,10 ,Wiki Waki Woo,2020,November,38
0,1 ,Destroyer,2020,December,82
1,2 ,Speed King,2020,December,68
2,3 ,Sex On The Beach,2020,December,66
3,4 ,Irish Flag (alkoholisch),2020,December,59
4,5 ,Long Island Icetea,2020,December,49
5,6 ,Schwanzlsturzer,2020,December,47
6,7 ,Omas offenes Bein,2020,December,47
7,8 ,Baby Aspirin,2020,December,42
8,9 ,May Tai,2020,December,42
9,10 ,Zombie,2020,December,40
